order_id,order_date,region,sku,quantity,amount,month,cost,source_file
ORD10691,2026-04-11,South,SKU-009,6,164.27,2026-04,52.08,sales_apr_2026.csv
ORD10692,2026-04-16,West,SKU-008,3,282.9,2026-04,59.49,sales_apr_2026.csv
ORD10693,2026-04-27,West,SKU-038,5,60.73,2026-04,121.15,sales_apr_2026.csv
ORD10694,2026-04-25,West,SKU-036,5,569.69,2026-04,414.9,sales_apr_2026.csv
ORD10695,2026-04-15,South,SKU-014,4,249.37,2026-04,270.36,sales_apr_2026.csv
ORD10696,2026-04-14,North,SKU-010,5,444.11,2026-04,227.75,sales_apr_2026.csv
ORD10697,2026-04-23,East,SKU-001,12,1398.47,2026-04,397.8,sales_apr_2026.csv
ORD10698,2026-04-28,East,SKU-035,2,188.56,2026-04,19.4,sales_apr_2026.csv
ORD10699,2026-04-04,North,SKU-020,8,952.15,2026-04,548.56,sales_apr_2026.csv
ORD10700,2026-04-27,West,SKU-010,9,844.36,2026-04,409.95,sales_apr_2026.csv
ORD10701,2026-04-01,South,SKU-025,10,886.11,2026-04,269.2,sales_apr_2026.csv
ORD10702,2026-04-03,South,SKU-001,10,1170.23,2026-04,331.5,sales_apr_2026.csv
ORD10703,2026-04-06,East,SKU-012,5,168.0,2026-04,50.0,sales_apr_2026.csv
ORD10704,2026-04-07,West,SKU-017,2,107.15,2026-04,16.04,sales_apr_2026.csv
ORD10705,2026-04-03,West,SKU-022,1,128.62,2026-04,4.99,sales_apr_2026.csv
ORD10706,2026-04-06,North,SKU-002,8,892.33,2026-04,64.8,sales_apr_2026.csv
ORD10707,2026-04-20,North,SKU-006,8,359.81,2026-04,67.44,sales_apr_2026.csv
ORD10708,2026-04-26,West,SKU-039,7,553.64,2026-04,290.36,sales_apr_2026.csv
ORD10709,2026-04-09,West,SKU-007,12,753.59,2026-04,901.92,sales_apr_2026.csv
ORD10710,2026-04-06,West,SKU-020,7,1230.06,2026-04,479.99,sales_apr_2026.csv
ORD10711,2026-04-16,South,SKU-011,5,263.43,2026-04,341.75,sales_apr_2026.csv
ORD10712,2026-04-01,East,SKU-024,11,714.46,2026-04,181.72,sales_apr_2026.csv
ORD10713,2026-04-09,West,SKU-034,7,460.27,2026-04,266.49,sales_apr_2026.csv
ORD10714,2026-04-10,North,SKU-005,1,160.06,2026-04,49.76,sales_apr_2026.csv
ORD10715,2026-04-17,West,SKU-010,6,328.96,2026-04,273.3,sales_apr_2026.csv
ORD10716,2026-04-09,South,SKU-008,11,219.5,2026-04,218.13,sales_apr_2026.csv
ORD10717,2026-04-11,North,SKU-018,5,139.82,2026-04,204.8,sales_apr_2026.csv
ORD10718,2026-04-27,East,SKU-040,4,450.04,2026-04,352.16,sales_apr_2026.csv
ORD10719,2026-04-28,North,SKU-006,10,128.23,2026-04,84.3,sales_apr_2026.csv
ORD10720,2026-04-11,West,SKU-026,2,101.79,2026-04,39.24,sales_apr_2026.csv
ORD10721,2026-04-09,West,SKU-016,1,89.91,2026-04,54.66,sales_apr_2026.csv
ORD10722,2026-04-13,West,SKU-036,10,212.65,2026-04,829.8,sales_apr_2026.csv
ORD10723,2026-04-15,South,SKU-004,11,1021.08,2026-04,62.15,sales_apr_2026.csv
ORD10724,2026-04-07,North,SKU-005,12,1059.28,2026-04,597.12,sales_apr_2026.csv
ORD10725,2026-04-02,South,SKU-028,5,835.84,2026-04,367.15,sales_apr_2026.csv
ORD10726,2026-04-12,West,SKU-016,5,231.75,2026-04,273.3,sales_apr_2026.csv
ORD10727,2026-04-15,West,SKU-014,4,310.11,2026-04,270.36,sales_apr_2026.csv
ORD10728,2026-04-01,South,SKU-015,6,393.6,2026-04,199.02,sales_apr_2026.csv
ORD10729,2026-04-28,East,SKU-015,6,824.01,2026-04,199.02,sales_apr_2026.csv
ORD10730,2026-04-08,South,SKU-025,5,861.35,2026-04,134.6,sales_apr_2026.csv
ORD10731,2026-04-10,South,SKU-007,2,108.72,2026-04,150.32,sales_apr_2026.csv
ORD10732,2026-04-05,North,SKU-019,5,137.02,2026-04,137.9,sales_apr_2026.csv
ORD10733,2026-04-10,West,SKU-037,1,87.86,2026-04,51.15,sales_apr_2026.csv
ORD10734,2026-04-15,West,SKU-014,8,662.25,2026-04,540.72,sales_apr_2026.csv
ORD10735,2026-04-02,East,SKU-012,1,101.08,2026-04,10.0,sales_apr_2026.csv
ORD10736,2026-04-26,East,SKU-003,3,388.2,2026-04,243.69,sales_apr_2026.csv
ORD10737,2026-04-29,West,SKU-036,3,278.58,2026-04,248.94,sales_apr_2026.csv
ORD10738,2026-04-29,South,SKU-024,4,638.18,2026-04,66.08,sales_apr_2026.csv
ORD10739,2026-04-28,East,SKU-004,1,28.4,2026-04,5.65,sales_apr_2026.csv
ORD10740,2026-04-01,South,SKU-017,10,990.7,2026-04,80.2,sales_apr_2026.csv
ORD10741,2026-04-16,East,SKU-019,4,335.58,2026-04,110.32,sales_apr_2026.csv
ORD10742,2026-04-15,North,SKU-011,4,219.89,2026-04,273.4,sales_apr_2026.csv
ORD10743,2026-04-21,East,SKU-006,6,375.42,2026-04,50.58,sales_apr_2026.csv
ORD10744,2026-04-28,East,SKU-030,7,1206.84,2026-04,44.8,sales_apr_2026.csv
ORD10745,2026-04-26,North,SKU-003,10,1731.79,2026-04,812.3,sales_apr_2026.csv
ORD10746,2026-04-06,West,SKU-021,12,610.89,2026-04,237.96,sales_apr_2026.csv
ORD10747,2026-04-07,South,SKU-031,1,66.97,2026-04,53.08,sales_apr_2026.csv
ORD10748,2026-04-17,East,SKU-002,9,519.89,2026-04,72.9,sales_apr_2026.csv
ORD10749,2026-04-11,South,SKU-040,11,508.21,2026-04,968.44,sales_apr_2026.csv
ORD10750,2026-04-28,East,SKU-027,11,1934.55,2026-04,873.07,sales_apr_2026.csv
ORD10751,2026-04-24,West,SKU-017,10,589.37,2026-04,80.2,sales_apr_2026.csv
ORD10752,2026-04-10,South,SKU-006,11,1422.09,2026-04,92.73,sales_apr_2026.csv
ORD10753,2026-04-05,North,SKU-013,4,337.21,2026-04,258.32,sales_apr_2026.csv
ORD10754,2026-04-23,East,SKU-006,12,1294.02,2026-04,101.16,sales_apr_2026.csv
ORD10755,2026-04-08,East,SKU-012,6,702.84,2026-04,60.0,sales_apr_2026.csv
ORD10756,2026-04-15,West,SKU-029,11,1711.87,2026-04,865.59,sales_apr_2026.csv
ORD10757,2026-04-14,East,SKU-020,10,306.29,2026-04,685.7,sales_apr_2026.csv
ORD10758,2026-04-09,South,SKU-038,12,1977.45,2026-04,290.76,sales_apr_2026.csv
ORD10759,2026-04-27,North,SKU-004,2,325.27,2026-04,11.3,sales_apr_2026.csv
ORD10760,2026-04-08,East,SKU-017,9,1100.31,2026-04,72.18,sales_apr_2026.csv
ORD10761,2026-04-24,North,SKU-001,1,71.75,2026-04,33.15,sales_apr_2026.csv
ORD10762,2026-04-10,North,SKU-034,5,851.32,2026-04,190.35,sales_apr_2026.csv
ORD10763,2026-04-09,West,SKU-010,1,95.43,2026-04,45.55,sales_apr_2026.csv
ORD10764,2026-04-05,North,SKU-037,3,434.08,2026-04,153.45,sales_apr_2026.csv
ORD10765,2026-04-15,South,SKU-039,3,149.83,2026-04,124.44,sales_apr_2026.csv
ORD10766,2026-04-16,East,SKU-003,8,566.89,2026-04,649.84,sales_apr_2026.csv
ORD10767,2026-04-28,East,SKU-026,8,1249.92,2026-04,156.96,sales_apr_2026.csv
ORD10768,2026-04-14,West,SKU-011,2,174.98,2026-04,136.7,sales_apr_2026.csv
ORD10769,2026-04-06,North,SKU-011,7,142.93,2026-04,478.45,sales_apr_2026.csv
ORD10770,2026-04-01,South,SKU-031,5,890.51,2026-04,265.4,sales_apr_2026.csv
ORD10771,2026-04-04,North,SKU-019,8,147.39,2026-04,220.64,sales_apr_2026.csv
ORD10772,2026-04-06,North,SKU-022,3,243.64,2026-04,14.97,sales_apr_2026.csv
ORD10773,2026-04-02,South,SKU-009,12,485.57,2026-04,104.16,sales_apr_2026.csv
ORD10774,2026-04-20,West,SKU-024,10,1279.91,2026-04,165.2,sales_apr_2026.csv
ORD10775,2026-04-29,South,SKU-012,11,1449.11,2026-04,110.0,sales_apr_2026.csv
ORD10776,2026-04-19,West,SKU-036,10,404.23,2026-04,829.8,sales_apr_2026.csv
ORD10777,2026-04-15,North,SKU-034,4,550.17,2026-04,152.28,sales_apr_2026.csv
ORD10778,2026-04-28,South,SKU-034,10,1409.9,2026-04,380.7,sales_apr_2026.csv
ORD10779,2026-04-03,East,SKU-027,9,89.81,2026-04,714.33,sales_apr_2026.csv
ORD10780,2026-04-21,North,SKU-016,7,714.78,2026-04,382.62,sales_apr_2026.csv
ORD10781,2026-04-12,West,SKU-035,5,891.11,2026-04,48.5,sales_apr_2026.csv
ORD10782,2026-04-25,North,SKU-012,1,82.69,2026-04,10.0,sales_apr_2026.csv
ORD10783,2026-04-15,East,SKU-040,2,100.97,2026-04,176.08,sales_apr_2026.csv
ORD10784,2026-04-08,South,SKU-023,9,623.93,2026-04,36.63,sales_apr_2026.csv
ORD10785,2026-04-30,North,SKU-023,11,772.77,2026-04,44.77,sales_apr_2026.csv
ORD10786,2026-04-03,East,SKU-022,11,1667.34,2026-04,54.89,sales_apr_2026.csv
ORD10787,2026-04-19,South,SKU-003,11,897.16,2026-04,893.53,sales_apr_2026.csv
ORD10788,2026-04-23,South,SKU-019,10,1061.11,2026-04,275.8,sales_apr_2026.csv
ORD10789,2026-04-04,East,SKU-038,11,537.96,2026-04,266.53,sales_apr_2026.csv
ORD10790,2026-04-22,North,SKU-015,11,167.93,2026-04,364.87,sales_apr_2026.csv
ORD10791,2026-04-12,East,SKU-010,1,162.55,2026-04,45.55,sales_apr_2026.csv
ORD10792,2026-04-18,West,SKU-007,2,53.38,2026-04,150.32,sales_apr_2026.csv
ORD10793,2026-04-24,East,SKU-026,1,36.66,2026-04,19.62,sales_apr_2026.csv
ORD10794,2026-04-09,South,SKU-014,10,1367.94,2026-04,675.9,sales_apr_2026.csv
ORD10795,2026-04-07,North,SKU-011,8,96.75,2026-04,546.8,sales_apr_2026.csv
ORD10796,2026-04-04,North,SKU-021,12,178.19,2026-04,237.96,sales_apr_2026.csv
ORD10797,2026-04-25,South,SKU-013,9,915.53,2026-04,581.22,sales_apr_2026.csv
ORD10798,2026-04-20,East,SKU-040,4,604.75,2026-04,352.16,sales_apr_2026.csv
ORD10799,2026-04-22,South,SKU-037,2,92.25,2026-04,102.3,sales_apr_2026.csv
ORD10800,2026-04-25,North,SKU-008,8,582.46,2026-04,158.64,sales_apr_2026.csv
ORD10801,2026-04-29,East,SKU-034,5,421.09,2026-04,190.35,sales_apr_2026.csv
ORD10802,2026-04-15,North,SKU-028,6,200.1,2026-04,440.58,sales_apr_2026.csv
ORD10803,2026-04-14,East,SKU-005,12,1165.54,2026-04,597.12,sales_apr_2026.csv
ORD10804,2026-04-14,North,SKU-038,6,463.71,2026-04,145.38,sales_apr_2026.csv
ORD10805,2026-04-19,South,SKU-037,4,166.78,2026-04,204.6,sales_apr_2026.csv
ORD10806,2026-04-28,East,SKU-023,1,170.95,2026-04,4.07,sales_apr_2026.csv
ORD10807,2026-04-17,West,SKU-023,7,794.31,2026-04,28.49,sales_apr_2026.csv
ORD10808,2026-04-22,North,SKU-018,4,147.42,2026-04,163.84,sales_apr_2026.csv
ORD10809,2026-04-25,West,SKU-021,5,127.56,2026-04,99.15,sales_apr_2026.csv
ORD10810,2026-04-11,West,SKU-010,2,231.39,2026-04,91.1,sales_apr_2026.csv
ORD10811,2026-04-25,East,SKU-027,12,2109.8,2026-04,952.44,sales_apr_2026.csv
ORD10812,2026-04-19,East,SKU-013,5,493.47,2026-04,322.9,sales_apr_2026.csv
ORD10813,2026-04-30,West,SKU-035,4,363.69,2026-04,38.8,sales_apr_2026.csv
ORD10814,2026-04-10,North,SKU-030,12,2089.29,2026-04,76.8,sales_apr_2026.csv
ORD10815,2026-04-21,South,SKU-020,7,411.2,2026-04,479.99,sales_apr_2026.csv
ORD10816,2026-04-16,South,SKU-019,4,496.42,2026-04,110.32,sales_apr_2026.csv
ORD10817,2026-04-13,West,SKU-019,9,542.61,2026-04,248.22,sales_apr_2026.csv
ORD10818,2026-04-19,South,SKU-036,4,530.07,2026-04,331.92,sales_apr_2026.csv
ORD10819,2026-04-04,North,SKU-003,12,316.69,2026-04,974.76,sales_apr_2026.csv
ORD10820,2026-04-12,North,SKU-029,2,37.01,2026-04,157.38,sales_apr_2026.csv
ORD10821,2026-04-10,East,SKU-029,10,348.68,2026-04,786.9,sales_apr_2026.csv
ORD10822,2026-04-09,East,SKU-022,5,46.77,2026-04,24.95,sales_apr_2026.csv
ORD10823,2026-04-10,North,SKU-002,10,1733.59,2026-04,81.0,sales_apr_2026.csv
ORD10824,2026-04-28,South,SKU-021,7,582.67,2026-04,138.81,sales_apr_2026.csv
ORD10825,2026-04-18,West,SKU-002,11,1432.05,2026-04,89.1,sales_apr_2026.csv
ORD10826,2026-04-29,East,SKU-034,3,318.95,2026-04,114.21,sales_apr_2026.csv
ORD10827,2026-04-08,South,SKU-038,8,302.22,2026-04,193.84,sales_apr_2026.csv
ORD10828,2026-04-23,North,SKU-034,8,558.06,2026-04,304.56,sales_apr_2026.csv
ORD10829,2026-04-25,South,SKU-021,7,743.52,2026-04,138.81,sales_apr_2026.csv
ORD10830,2026-04-13,South,SKU-038,12,1687.66,2026-04,290.76,sales_apr_2026.csv
ORD10831,2026-04-23,West,SKU-034,9,948.2,2026-04,342.63,sales_apr_2026.csv
ORD10832,2026-04-28,West,SKU-002,4,235.28,2026-04,32.4,sales_apr_2026.csv
ORD10833,2026-04-20,West,SKU-033,3,339.01,2026-04,248.97,sales_apr_2026.csv
ORD10834,2026-04-20,South,SKU-023,7,464.03,2026-04,28.49,sales_apr_2026.csv
ORD10835,2026-04-23,North,SKU-031,1,106.11,2026-04,53.08,sales_apr_2026.csv
ORD10836,2026-04-23,West,SKU-023,4,389.61,2026-04,16.28,sales_apr_2026.csv
ORD10837,2026-04-23,North,SKU-034,6,751.52,2026-04,228.42,sales_apr_2026.csv
ORD10838,2026-04-30,West,SKU-024,4,606.04,2026-04,66.08,sales_apr_2026.csv
ORD10839,2026-04-22,North,SKU-019,9,713.79,2026-04,248.22,sales_apr_2026.csv
ORD10840,2026-04-19,South,SKU-003,6,947.37,2026-04,487.38,sales_apr_2026.csv
ORD10841,2026-04-01,South,SKU-019,1,11.33,2026-04,27.58,sales_apr_2026.csv
ORD10842,2026-04-16,North,SKU-006,7,691.84,2026-04,59.01,sales_apr_2026.csv
ORD10843,2026-04-28,East,SKU-001,7,1061.35,2026-04,232.05,sales_apr_2026.csv
ORD10844,2026-04-19,South,SKU-005,10,1053.59,2026-04,497.6,sales_apr_2026.csv
ORD10845,2026-04-09,West,SKU-025,6,84.34,2026-04,161.52,sales_apr_2026.csv
ORD10846,2026-04-28,South,SKU-031,6,667.8,2026-04,318.48,sales_apr_2026.csv
ORD10847,2026-04-28,South,SKU-037,5,219.36,2026-04,255.75,sales_apr_2026.csv
ORD10848,2026-04-01,South,SKU-002,6,905.7,2026-04,48.6,sales_apr_2026.csv
ORD10849,2026-04-25,West,SKU-029,2,340.16,2026-04,157.38,sales_apr_2026.csv
ORD10850,2026-04-19,North,SKU-015,7,275.42,2026-04,232.19,sales_apr_2026.csv
ORD10851,2026-04-24,West,SKU-038,11,690.35,2026-04,266.53,sales_apr_2026.csv
ORD10852,2026-04-25,South,SKU-024,1,13.4,2026-04,16.52,sales_apr_2026.csv
ORD10853,2026-04-18,East,SKU-002,12,788.6,2026-04,97.2,sales_apr_2026.csv
ORD10854,2026-04-13,West,SKU-012,2,141.59,2026-04,20.0,sales_apr_2026.csv
ORD10855,2026-04-30,West,SKU-018,2,145.57,2026-04,81.92,sales_apr_2026.csv
ORD10856,2026-04-09,East,SKU-039,11,1436.59,2026-04,456.28,sales_apr_2026.csv
ORD10857,2026-04-24,North,SKU-011,5,634.2,2026-04,341.75,sales_apr_2026.csv
ORD10858,2026-04-14,South,SKU-026,4,48.11,2026-04,78.48,sales_apr_2026.csv
ORD10859,2026-04-02,West,SKU-016,5,186.19,2026-04,273.3,sales_apr_2026.csv
ORD10860,2026-04-08,South,SKU-004,1,73.1,2026-04,5.65,sales_apr_2026.csv
ORD10861,2026-04-25,North,SKU-028,6,274.74,2026-04,440.58,sales_apr_2026.csv
ORD10862,2026-04-12,West,SKU-037,8,273.55,2026-04,409.2,sales_apr_2026.csv
ORD10863,2026-04-30,North,SKU-013,11,335.15,2026-04,710.38,sales_apr_2026.csv
ORD10864,2026-04-26,East,SKU-030,7,528.78,2026-04,44.8,sales_apr_2026.csv
ORD10865,2026-04-25,East,SKU-020,2,335.78,2026-04,137.14,sales_apr_2026.csv
ORD10866,2026-04-27,East,SKU-032,2,93.12,2026-04,165.06,sales_apr_2026.csv
ORD10867,2026-04-30,West,SKU-030,1,43.35,2026-04,6.4,sales_apr_2026.csv
ORD10868,2026-04-29,East,SKU-023,7,698.38,2026-04,28.49,sales_apr_2026.csv
ORD10869,2026-04-26,South,SKU-018,5,83.26,2026-04,204.8,sales_apr_2026.csv
ORD10870,2026-04-20,East,SKU-020,4,697.51,2026-04,274.28,sales_apr_2026.csv
ORD10871,2026-04-30,East,SKU-011,2,303.02,2026-04,136.7,sales_apr_2026.csv
ORD10872,2026-04-28,West,SKU-034,1,88.07,2026-04,38.07,sales_apr_2026.csv
ORD10873,2026-04-26,North,SKU-015,1,80.84,2026-04,33.17,sales_apr_2026.csv
ORD10874,2026-04-04,East,SKU-008,3,428.12,2026-04,59.49,sales_apr_2026.csv
ORD10875,2026-04-11,South,SKU-037,6,263.37,2026-04,306.9,sales_apr_2026.csv
ORD10876,2026-04-11,East,SKU-026,12,1536.07,2026-04,235.44,sales_apr_2026.csv
ORD10877,2026-04-14,South,SKU-029,12,1961.26,2026-04,944.28,sales_apr_2026.csv
ORD10878,2026-04-01,East,SKU-023,8,1302.68,2026-04,32.56,sales_apr_2026.csv
ORD10879,2026-04-27,East,SKU-027,3,482.76,2026-04,238.11,sales_apr_2026.csv
ORD10880,2026-04-11,East,SKU-029,8,1090.81,2026-04,629.52,sales_apr_2026.csv
ORD10881,2026-04-15,West,SKU-010,8,393.55,2026-04,364.4,sales_apr_2026.csv
ORD10882,2026-04-28,North,SKU-036,3,306.74,2026-04,248.94,sales_apr_2026.csv
ORD10883,2026-04-18,North,SKU-030,5,781.37,2026-04,32.0,sales_apr_2026.csv
ORD10884,2026-04-23,East,SKU-007,8,683.96,2026-04,601.28,sales_apr_2026.csv
ORD10885,2026-04-28,North,SKU-040,8,382.18,2026-04,704.32,sales_apr_2026.csv
ORD10886,2026-04-30,East,SKU-018,8,281.46,2026-04,327.68,sales_apr_2026.csv
ORD10887,2026-04-04,South,SKU-022,5,633.57,2026-04,24.95,sales_apr_2026.csv
ORD10888,2026-04-25,West,SKU-029,9,1030.88,2026-04,708.21,sales_apr_2026.csv
ORD10889,2026-04-06,North,SKU-021,7,339.66,2026-04,138.81,sales_apr_2026.csv
ORD10890,2026-04-10,East,SKU-019,2,305.7,2026-04,55.16,sales_apr_2026.csv
ORD10891,2026-04-23,West,SKU-031,3,111.32,2026-04,159.24,sales_apr_2026.csv
ORD10892,2026-04-14,East,SKU-035,10,1256.81,2026-04,97.0,sales_apr_2026.csv
ORD10893,2026-04-10,West,SKU-027,4,80.74,2026-04,317.48,sales_apr_2026.csv
ORD10894,2026-04-01,South,SKU-009,1,168.78,2026-04,8.68,sales_apr_2026.csv
ORD10895,2026-04-04,East,SKU-037,6,864.45,2026-04,306.9,sales_apr_2026.csv
ORD10896,2026-04-21,South,SKU-025,6,1062.63,2026-04,161.52,sales_apr_2026.csv
ORD10897,2026-04-03,North,SKU-010,12,1881.18,2026-04,546.6,sales_apr_2026.csv
ORD10898,2026-04-01,West,SKU-018,6,278.88,2026-04,245.76,sales_apr_2026.csv
ORD10899,2026-04-13,West,SKU-030,11,176.73,2026-04,70.4,sales_apr_2026.csv
ORD10900,2026-04-07,West,SKU-008,11,913.19,2026-04,218.13,sales_apr_2026.csv
ORD10901,2026-04-13,North,SKU-002,2,314.98,2026-04,16.2,sales_apr_2026.csv
ORD10902,2026-04-25,North,SKU-028,1,12.1,2026-04,73.43,sales_apr_2026.csv
ORD10903,2026-04-30,South,SKU-036,12,825.05,2026-04,995.76,sales_apr_2026.csv
ORD10904,2026-04-27,South,SKU-023,11,1047.4,2026-04,44.77,sales_apr_2026.csv
ORD10905,2026-04-01,North,SKU-012,11,443.22,2026-04,110.0,sales_apr_2026.csv
ORD10906,2026-04-12,South,SKU-007,12,1758.03,2026-04,901.92,sales_apr_2026.csv
ORD10907,2026-04-18,West,SKU-020,9,997.83,2026-04,617.13,sales_apr_2026.csv
ORD10908,2026-04-09,West,SKU-006,10,1463.3,2026-04,84.3,sales_apr_2026.csv
ORD10909,2026-04-04,South,SKU-027,7,776.69,2026-04,555.59,sales_apr_2026.csv
ORD10910,2026-04-05,East,SKU-039,3,162.58,2026-04,124.44,sales_apr_2026.csv
ORD10911,2026-04-22,West,SKU-037,4,413.1,2026-04,204.6,sales_apr_2026.csv
ORD10912,2026-04-09,West,SKU-006,9,350.02,2026-04,75.87,sales_apr_2026.csv
ORD10913,2026-04-21,East,SKU-016,8,1139.41,2026-04,437.28,sales_apr_2026.csv
ORD10914,2026-04-13,East,SKU-027,9,584.62,2026-04,714.33,sales_apr_2026.csv
ORD10915,2026-04-02,West,SKU-018,10,301.38,2026-04,409.6,sales_apr_2026.csv
ORD10916,2026-04-19,North,SKU-001,5,505.46,2026-04,165.75,sales_apr_2026.csv
ORD10917,2026-04-19,West,SKU-011,8,744.91,2026-04,546.8,sales_apr_2026.csv
ORD10918,2026-04-28,West,SKU-022,7,1240.58,2026-04,34.93,sales_apr_2026.csv
ORD10919,2026-04-24,South,SKU-016,7,339.34,2026-04,382.62,sales_apr_2026.csv
ORD10920,2026-04-30,West,SKU-005,9,577.0,2026-04,447.84,sales_apr_2026.csv
ORD10921,2026-04-20,South,SKU-016,6,948.62,2026-04,327.96,sales_apr_2026.csv
ORD10922,2026-04-30,West,SKU-037,7,749.02,2026-04,358.05,sales_apr_2026.csv
ORD10923,2026-04-21,West,SKU-001,10,375.6,2026-04,331.5,sales_apr_2026.csv
ORD10924,2026-04-08,North,SKU-008,2,258.62,2026-04,39.66,sales_apr_2026.csv
ORD10925,2026-04-04,South,SKU-014,8,329.98,2026-04,540.72,sales_apr_2026.csv
ORD10926,2026-04-18,South,SKU-038,6,888.44,2026-04,145.38,sales_apr_2026.csv
ORD10927,2026-04-07,West,SKU-029,8,417.91,2026-04,629.52,sales_apr_2026.csv
ORD10928,2026-04-08,West,SKU-029,5,753.44,2026-04,393.45,sales_apr_2026.csv
ORD10929,2026-04-23,North,SKU-039,12,1379.41,2026-04,497.76,sales_apr_2026.csv
ORD10930,2026-04-17,South,SKU-017,10,627.83,2026-04,80.2,sales_apr_2026.csv
ORD10931,2026-04-17,West,SKU-006,12,1246.12,2026-04,101.16,sales_apr_2026.csv
ORD10932,2026-04-27,West,SKU-019,4,358.19,2026-04,110.32,sales_apr_2026.csv
ORD10933,2026-04-27,East,SKU-019,7,691.13,2026-04,193.06,sales_apr_2026.csv
ORD10934,2026-04-19,South,SKU-013,2,71.99,2026-04,129.16,sales_apr_2026.csv
ORD10185,2026-02-01,West,SKU-028,5,546.35,2026-02,367.15,sales_feb_2026.csv
ORD10186,2026-02-21,South,SKU-004,4,115.85,2026-02,22.6,sales_feb_2026.csv
ORD10187,2026-02-15,West,SKU-007,8,486.84,2026-02,601.28,sales_feb_2026.csv
ORD10188,2026-02-19,North,SKU-037,2,345.29,2026-02,102.3,sales_feb_2026.csv
ORD10189,2026-02-20,West,SKU-014,10,1214.15,2026-02,675.9,sales_feb_2026.csv
ORD10190,2026-02-23,East,SKU-011,10,1089.87,2026-02,683.5,sales_feb_2026.csv
ORD10191,2026-02-10,South,SKU-023,12,204.15,2026-02,48.84,sales_feb_2026.csv
ORD10192,2026-02-08,East,SKU-010,5,249.32,2026-02,227.75,sales_feb_2026.csv
ORD10193,2026-02-08,South,SKU-011,5,623.5,2026-02,341.75,sales_feb_2026.csv
ORD10194,2026-02-23,East,SKU-005,7,904.15,2026-02,348.32,sales_feb_2026.csv
ORD10195,2026-02-01,North,SKU-023,7,750.96,2026-02,28.49,sales_feb_2026.csv
ORD10196,2026-02-04,South,SKU-026,11,1246.07,2026-02,215.82,sales_feb_2026.csv
ORD10197,2026-02-18,North,SKU-014,8,513.9,2026-02,540.72,sales_feb_2026.csv
ORD10198,2026-02-01,West,SKU-005,2,121.01,2026-02,99.52,sales_feb_2026.csv
ORD10199,2026-02-23,South,SKU-034,1,132.43,2026-02,38.07,sales_feb_2026.csv
ORD10200,2026-02-11,South,SKU-009,5,716.67,2026-02,43.4,sales_feb_2026.csv
ORD10201,2026-02-22,South,SKU-040,10,607.07,2026-02,880.4,sales_feb_2026.csv
ORD10202,2026-02-03,West,SKU-013,1,143.37,2026-02,64.58,sales_feb_2026.csv
ORD10203,2026-02-22,East,SKU-012,8,759.55,2026-02,80.0,sales_feb_2026.csv
ORD10204,2026-02-28,South,SKU-005,3,212.7,2026-02,149.28,sales_feb_2026.csv
ORD10205,2026-02-03,East,SKU-034,6,261.56,2026-02,228.42,sales_feb_2026.csv
ORD10206,2026-02-06,West,SKU-022,10,93.79,2026-02,49.9,sales_feb_2026.csv
ORD10207,2026-02-24,South,SKU-019,1,105.77,2026-02,27.58,sales_feb_2026.csv
ORD10208,2026-02-16,West,SKU-012,5,801.06,2026-02,50.0,sales_feb_2026.csv
ORD10209,2026-02-25,North,SKU-014,7,974.49,2026-02,473.13,sales_feb_2026.csv
ORD10210,2026-02-24,West,SKU-004,12,1055.93,2026-02,67.8,sales_feb_2026.csv
ORD10211,2026-02-06,West,SKU-032,7,611.84,2026-02,577.71,sales_feb_2026.csv
ORD10212,2026-02-28,West,SKU-025,5,708.89,2026-02,134.6,sales_feb_2026.csv
ORD10213,2026-02-10,South,SKU-034,2,122.2,2026-02,76.14,sales_feb_2026.csv
ORD10214,2026-02-27,South,SKU-002,12,2010.18,2026-02,97.2,sales_feb_2026.csv
ORD10215,2026-02-08,East,SKU-028,8,777.09,2026-02,587.44,sales_feb_2026.csv
ORD10216,2026-02-02,North,SKU-017,2,202.23,2026-02,16.04,sales_feb_2026.csv
ORD10217,2026-02-21,West,SKU-034,6,168.05,2026-02,228.42,sales_feb_2026.csv
ORD10218,2026-02-17,South,SKU-037,9,1073.76,2026-02,460.35,sales_feb_2026.csv
ORD10219,2026-02-14,East,SKU-026,5,561.39,2026-02,98.1,sales_feb_2026.csv
ORD10220,2026-02-13,South,SKU-039,8,250.94,2026-02,331.84,sales_feb_2026.csv
ORD10221,2026-02-01,East,SKU-016,5,267.01,2026-02,273.3,sales_feb_2026.csv
ORD10222,2026-02-19,East,SKU-006,11,1914.29,2026-02,92.73,sales_feb_2026.csv
ORD10223,2026-02-10,South,SKU-010,4,211.13,2026-02,182.2,sales_feb_2026.csv
ORD10224,2026-02-05,West,SKU-037,4,302.64,2026-02,204.6,sales_feb_2026.csv
ORD10225,2026-02-06,South,SKU-004,5,597.0,2026-02,28.25,sales_feb_2026.csv
ORD10226,2026-02-14,South,SKU-010,7,268.9,2026-02,318.85,sales_feb_2026.csv
ORD10227,2026-02-01,East,SKU-012,10,1237.82,2026-02,100.0,sales_feb_2026.csv
ORD10228,2026-02-20,East,SKU-016,1,94.4,2026-02,54.66,sales_feb_2026.csv
ORD10229,2026-02-25,East,SKU-002,4,513.34,2026-02,32.4,sales_feb_2026.csv
ORD10230,2026-02-06,West,SKU-005,2,169.05,2026-02,99.52,sales_feb_2026.csv
ORD10231,2026-02-21,East,SKU-015,5,880.17,2026-02,165.85,sales_feb_2026.csv
ORD10232,2026-02-09,South,SKU-020,7,1234.84,2026-02,479.99,sales_feb_2026.csv
ORD10233,2026-02-01,North,SKU-001,3,155.45,2026-02,99.45,sales_feb_2026.csv
ORD10234,2026-02-03,South,SKU-003,3,454.41,2026-02,243.69,sales_feb_2026.csv
ORD10235,2026-02-04,South,SKU-009,4,307.93,2026-02,34.72,sales_feb_2026.csv
ORD10236,2026-02-20,East,SKU-024,8,1138.58,2026-02,132.16,sales_feb_2026.csv
ORD10237,2026-02-09,North,SKU-039,3,57.98,2026-02,124.44,sales_feb_2026.csv
ORD10238,2026-02-01,East,SKU-004,6,114.32,2026-02,33.9,sales_feb_2026.csv
ORD10239,2026-02-05,East,SKU-010,8,1425.07,2026-02,364.4,sales_feb_2026.csv
ORD10240,2026-02-27,East,SKU-018,11,210.81,2026-02,450.56,sales_feb_2026.csv
ORD10241,2026-02-13,North,SKU-036,5,622.21,2026-02,414.9,sales_feb_2026.csv
ORD10242,2026-02-26,North,SKU-028,1,92.75,2026-02,73.43,sales_feb_2026.csv
ORD10243,2026-02-22,South,SKU-005,3,136.14,2026-02,149.28,sales_feb_2026.csv
ORD10244,2026-02-25,North,SKU-009,11,1278.44,2026-02,95.48,sales_feb_2026.csv
ORD10245,2026-02-17,North,SKU-029,3,263.16,2026-02,236.07,sales_feb_2026.csv
ORD10246,2026-02-21,West,SKU-025,11,770.02,2026-02,296.12,sales_feb_2026.csv
ORD10247,2026-02-20,South,SKU-038,7,383.9,2026-02,169.61,sales_feb_2026.csv
ORD10248,2026-02-28,West,SKU-016,10,882.17,2026-02,546.6,sales_feb_2026.csv
ORD10249,2026-02-18,East,SKU-025,5,836.83,2026-02,134.6,sales_feb_2026.csv
ORD10250,2026-02-02,West,SKU-012,5,503.49,2026-02,50.0,sales_feb_2026.csv
ORD10251,2026-02-13,East,SKU-001,6,689.92,2026-02,198.9,sales_feb_2026.csv
ORD10252,2026-02-09,North,SKU-033,9,280.11,2026-02,746.91,sales_feb_2026.csv
ORD10253,2026-02-06,South,SKU-024,1,151.92,2026-02,16.52,sales_feb_2026.csv
ORD10254,2026-02-03,East,SKU-011,4,650.66,2026-02,273.4,sales_feb_2026.csv
ORD10255,2026-02-06,East,SKU-002,5,63.76,2026-02,40.5,sales_feb_2026.csv
ORD10256,2026-02-14,South,SKU-001,11,699.19,2026-02,364.65,sales_feb_2026.csv
ORD10257,2026-02-06,North,SKU-030,7,97.19,2026-02,44.8,sales_feb_2026.csv
ORD10258,2026-02-28,North,SKU-037,11,1874.66,2026-02,562.65,sales_feb_2026.csv
ORD10259,2026-02-04,South,SKU-024,10,1104.13,2026-02,165.2,sales_feb_2026.csv
ORD10260,2026-02-26,East,SKU-013,11,1425.73,2026-02,710.38,sales_feb_2026.csv
ORD10261,2026-02-25,West,SKU-037,7,342.23,2026-02,358.05,sales_feb_2026.csv
ORD10262,2026-02-26,East,SKU-014,9,1029.61,2026-02,608.31,sales_feb_2026.csv
ORD10263,2026-02-20,South,SKU-013,8,1137.62,2026-02,516.64,sales_feb_2026.csv
ORD10264,2026-02-06,East,SKU-028,8,376.71,2026-02,587.44,sales_feb_2026.csv
ORD10265,2026-02-25,North,SKU-040,7,1121.56,2026-02,616.28,sales_feb_2026.csv
ORD10266,2026-02-09,East,SKU-033,9,910.23,2026-02,746.91,sales_feb_2026.csv
ORD10267,2026-02-19,South,SKU-019,12,184.2,2026-02,330.96,sales_feb_2026.csv
ORD10268,2026-02-26,North,SKU-001,4,472.17,2026-02,132.6,sales_feb_2026.csv
ORD10269,2026-02-11,East,SKU-030,12,1838.52,2026-02,76.8,sales_feb_2026.csv
ORD10270,2026-02-18,East,SKU-002,7,993.88,2026-02,56.7,sales_feb_2026.csv
ORD10271,2026-02-27,North,SKU-027,3,455.17,2026-02,238.11,sales_feb_2026.csv
ORD10272,2026-02-05,West,SKU-040,5,348.84,2026-02,440.2,sales_feb_2026.csv
ORD10273,2026-02-02,North,SKU-040,11,871.44,2026-02,968.44,sales_feb_2026.csv
ORD10274,2026-02-12,North,SKU-020,11,579.27,2026-02,754.27,sales_feb_2026.csv
ORD10275,2026-02-05,East,SKU-016,1,97.23,2026-02,54.66,sales_feb_2026.csv
ORD10276,2026-02-22,North,SKU-007,1,173.69,2026-02,75.16,sales_feb_2026.csv
ORD10277,2026-02-04,South,SKU-036,6,450.65,2026-02,497.88,sales_feb_2026.csv
ORD10278,2026-02-05,South,SKU-016,7,872.85,2026-02,382.62,sales_feb_2026.csv
ORD10279,2026-02-05,South,SKU-002,4,308.92,2026-02,32.4,sales_feb_2026.csv
ORD10280,2026-02-24,West,SKU-037,12,415.53,2026-02,613.8,sales_feb_2026.csv
ORD10281,2026-02-04,South,SKU-037,11,1627.65,2026-02,562.65,sales_feb_2026.csv
ORD10282,2026-02-07,East,SKU-025,5,51.09,2026-02,134.6,sales_feb_2026.csv
ORD10283,2026-02-18,East,SKU-029,10,1633.7,2026-02,786.9,sales_feb_2026.csv
ORD10284,2026-02-28,West,SKU-011,6,87.1,2026-02,410.1,sales_feb_2026.csv
ORD10285,2026-02-08,South,SKU-008,9,1496.99,2026-02,178.47,sales_feb_2026.csv
ORD10286,2026-02-18,South,SKU-004,10,920.16,2026-02,56.5,sales_feb_2026.csv
ORD10287,2026-02-12,North,SKU-005,1,165.01,2026-02,49.76,sales_feb_2026.csv
ORD10288,2026-02-14,South,SKU-002,3,414.43,2026-02,24.3,sales_feb_2026.csv
ORD10289,2026-02-17,East,SKU-028,6,1013.77,2026-02,440.58,sales_feb_2026.csv
ORD10290,2026-02-22,West,SKU-012,5,218.96,2026-02,50.0,sales_feb_2026.csv
ORD10291,2026-02-21,West,SKU-026,1,127.21,2026-02,19.62,sales_feb_2026.csv
ORD10292,2026-02-19,East,SKU-010,5,693.46,2026-02,227.75,sales_feb_2026.csv
ORD10293,2026-02-26,South,SKU-021,10,1550.26,2026-02,198.3,sales_feb_2026.csv
ORD10294,2026-02-09,North,SKU-040,11,1730.79,2026-02,968.44,sales_feb_2026.csv
ORD10295,2026-02-02,North,SKU-028,8,1246.66,2026-02,587.44,sales_feb_2026.csv
ORD10296,2026-02-16,South,SKU-030,3,251.27,2026-02,19.2,sales_feb_2026.csv
ORD10297,2026-02-19,East,SKU-039,1,14.73,2026-02,41.48,sales_feb_2026.csv
ORD10298,2026-02-19,West,SKU-019,5,635.57,2026-02,137.9,sales_feb_2026.csv
ORD10299,2026-02-03,North,SKU-008,2,316.96,2026-02,39.66,sales_feb_2026.csv
ORD10300,2026-02-17,West,SKU-001,9,513.5,2026-02,298.35,sales_feb_2026.csv
ORD10301,2026-02-21,North,SKU-040,10,1605.87,2026-02,880.4,sales_feb_2026.csv
ORD10302,2026-02-05,North,SKU-021,10,906.22,2026-02,198.3,sales_feb_2026.csv
ORD10303,2026-02-08,West,SKU-026,12,1714.79,2026-02,235.44,sales_feb_2026.csv
ORD10304,2026-02-27,North,SKU-028,7,917.82,2026-02,514.01,sales_feb_2026.csv
ORD10305,2026-02-14,East,SKU-038,6,487.17,2026-02,145.38,sales_feb_2026.csv
ORD10306,2026-02-13,South,SKU-022,10,832.4,2026-02,49.9,sales_feb_2026.csv
ORD10307,2026-02-24,East,SKU-034,10,613.01,2026-02,380.7,sales_feb_2026.csv
ORD10308,2026-02-19,South,SKU-015,9,1136.92,2026-02,298.53,sales_feb_2026.csv
ORD10309,2026-02-23,West,SKU-021,11,463.59,2026-02,218.13,sales_feb_2026.csv
ORD10310,2026-02-24,East,SKU-007,4,582.45,2026-02,300.64,sales_feb_2026.csv
ORD10311,2026-02-17,South,SKU-038,12,1915.65,2026-02,290.76,sales_feb_2026.csv
ORD10312,2026-02-14,West,SKU-010,12,2151.52,2026-02,546.6,sales_feb_2026.csv
ORD10313,2026-02-19,South,SKU-004,3,411.14,2026-02,16.95,sales_feb_2026.csv
ORD10314,2026-02-27,South,SKU-009,2,99.77,2026-02,17.36,sales_feb_2026.csv
ORD10315,2026-02-17,North,SKU-017,8,664.63,2026-02,64.16,sales_feb_2026.csv
ORD10316,2026-02-24,South,SKU-024,1,39.95,2026-02,16.52,sales_feb_2026.csv
ORD10317,2026-02-27,East,SKU-023,3,335.89,2026-02,12.21,sales_feb_2026.csv
ORD10318,2026-02-19,North,SKU-033,3,60.59,2026-02,248.97,sales_feb_2026.csv
ORD10319,2026-02-18,North,SKU-014,11,1427.73,2026-02,743.49,sales_feb_2026.csv
ORD10320,2026-02-07,East,SKU-007,1,105.8,2026-02,75.16,sales_feb_2026.csv
ORD10321,2026-02-25,South,SKU-018,8,801.47,2026-02,327.68,sales_feb_2026.csv
ORD10322,2026-02-01,East,SKU-032,11,1530.58,2026-02,907.83,sales_feb_2026.csv
ORD10323,2026-02-15,North,SKU-012,12,315.04,2026-02,120.0,sales_feb_2026.csv
ORD10324,2026-02-25,West,SKU-026,7,672.24,2026-02,137.34,sales_feb_2026.csv
ORD10325,2026-02-20,North,SKU-013,2,322.96,2026-02,129.16,sales_feb_2026.csv
ORD10326,2026-02-15,West,SKU-014,5,590.83,2026-02,337.95,sales_feb_2026.csv
ORD10327,2026-02-27,West,SKU-010,6,695.18,2026-02,273.3,sales_feb_2026.csv
ORD10328,2026-02-16,East,SKU-003,10,928.13,2026-02,812.3,sales_feb_2026.csv
ORD10329,2026-02-12,West,SKU-012,2,206.25,2026-02,20.0,sales_feb_2026.csv
ORD10330,2026-02-07,North,SKU-040,8,956.53,2026-02,704.32,sales_feb_2026.csv
ORD10331,2026-02-10,North,SKU-026,4,615.41,2026-02,78.48,sales_feb_2026.csv
ORD10332,2026-02-27,West,SKU-016,3,465.18,2026-02,163.98,sales_feb_2026.csv
ORD10333,2026-02-01,North,SKU-037,10,212.61,2026-02,511.5,sales_feb_2026.csv
ORD10334,2026-02-14,West,SKU-040,10,150.97,2026-02,880.4,sales_feb_2026.csv
ORD10335,2026-02-10,East,SKU-028,5,559.55,2026-02,367.15,sales_feb_2026.csv
ORD10336,2026-02-11,North,SKU-040,2,231.74,2026-02,176.08,sales_feb_2026.csv
ORD10337,2026-02-13,North,SKU-008,6,346.56,2026-02,118.98,sales_feb_2026.csv
ORD10338,2026-02-03,West,SKU-017,10,1121.71,2026-02,80.2,sales_feb_2026.csv
ORD10339,2026-02-08,North,SKU-022,10,112.61,2026-02,49.9,sales_feb_2026.csv
ORD10340,2026-02-13,West,SKU-010,1,58.19,2026-02,45.55,sales_feb_2026.csv
ORD10341,2026-02-27,West,SKU-013,7,705.92,2026-02,452.06,sales_feb_2026.csv
ORD10342,2026-02-13,North,SKU-016,1,148.38,2026-02,54.66,sales_feb_2026.csv
ORD10343,2026-02-06,South,SKU-028,10,1231.44,2026-02,734.3,sales_feb_2026.csv
ORD10344,2026-02-09,West,SKU-030,1,105.28,2026-02,6.4,sales_feb_2026.csv
ORD10345,2026-02-13,South,SKU-019,6,546.49,2026-02,165.48,sales_feb_2026.csv
ORD10346,2026-02-07,South,SKU-033,10,260.29,2026-02,829.9,sales_feb_2026.csv
ORD10347,2026-02-25,South,SKU-006,5,219.8,2026-02,42.15,sales_feb_2026.csv
ORD10348,2026-02-02,South,SKU-017,10,1414.47,2026-02,80.2,sales_feb_2026.csv
ORD10349,2026-02-01,East,SKU-037,9,1140.13,2026-02,460.35,sales_feb_2026.csv
ORD10350,2026-02-24,South,SKU-021,10,849.54,2026-02,198.3,sales_feb_2026.csv
ORD10351,2026-02-13,East,SKU-030,5,864.29,2026-02,32.0,sales_feb_2026.csv
ORD10352,2026-02-11,South,SKU-036,7,650.54,2026-02,580.86,sales_feb_2026.csv
ORD10353,2026-02-10,West,SKU-012,5,92.73,2026-02,50.0,sales_feb_2026.csv
ORD10354,2026-02-04,West,SKU-009,2,265.17,2026-02,17.36,sales_feb_2026.csv
ORD10355,2026-02-11,South,SKU-040,9,688.74,2026-02,792.36,sales_feb_2026.csv
ORD10356,2026-02-02,East,SKU-019,7,858.91,2026-02,193.06,sales_feb_2026.csv
ORD10357,2026-02-26,South,SKU-006,12,1720.77,2026-02,101.16,sales_feb_2026.csv
ORD10358,2026-02-27,West,SKU-032,1,139.28,2026-02,82.53,sales_feb_2026.csv
ORD10359,2026-02-02,South,SKU-007,6,891.98,2026-02,450.96,sales_feb_2026.csv
ORD10360,2026-02-23,North,SKU-017,7,786.82,2026-02,56.14,sales_feb_2026.csv
ORD10361,2026-02-17,West,SKU-001,3,291.62,2026-02,99.45,sales_feb_2026.csv
ORD10362,2026-02-01,East,SKU-029,9,118.49,2026-02,708.21,sales_feb_2026.csv
ORD10363,2026-02-02,West,SKU-020,7,78.39,2026-02,479.99,sales_feb_2026.csv
ORD10364,2026-02-08,North,SKU-031,2,288.39,2026-02,106.16,sales_feb_2026.csv
ORD10365,2026-02-26,East,SKU-007,3,125.15,2026-02,225.48,sales_feb_2026.csv
ORD10366,2026-02-26,West,SKU-008,7,405.1,2026-02,138.81,sales_feb_2026.csv
ORD10367,2026-02-22,North,SKU-011,3,492.31,2026-02,205.05,sales_feb_2026.csv
ORD10368,2026-02-03,East,SKU-010,6,265.99,2026-02,273.3,sales_feb_2026.csv
ORD10369,2026-02-10,West,SKU-030,12,135.19,2026-02,76.8,sales_feb_2026.csv
ORD10370,2026-02-03,East,SKU-032,8,414.21,2026-02,660.24,sales_feb_2026.csv
ORD10371,2026-02-26,South,SKU-019,7,1169.07,2026-02,193.06,sales_feb_2026.csv
ORD10372,2026-02-22,North,SKU-009,9,942.45,2026-02,78.12,sales_feb_2026.csv
ORD10373,2026-02-28,North,SKU-018,6,200.13,2026-02,245.76,sales_feb_2026.csv
ORD10374,2026-02-28,East,SKU-019,6,471.48,2026-02,165.48,sales_feb_2026.csv
ORD10375,2026-02-15,West,SKU-025,1,70.03,2026-02,26.92,sales_feb_2026.csv
ORD10376,2026-02-17,West,SKU-015,9,229.82,2026-02,298.53,sales_feb_2026.csv
ORD10377,2026-02-02,North,SKU-034,10,709.29,2026-02,380.7,sales_feb_2026.csv
ORD10378,2026-02-28,West,SKU-010,7,371.88,2026-02,318.85,sales_feb_2026.csv
ORD10379,2026-02-09,East,SKU-037,12,293.08,2026-02,613.8,sales_feb_2026.csv
ORD10380,2026-02-21,North,SKU-032,7,674.48,2026-02,577.71,sales_feb_2026.csv
ORD10381,2026-02-19,East,SKU-017,8,905.71,2026-02,64.16,sales_feb_2026.csv
ORD10382,2026-02-03,East,SKU-027,10,435.94,2026-02,793.7,sales_feb_2026.csv
ORD10383,2026-02-01,East,SKU-005,10,805.37,2026-02,497.6,sales_feb_2026.csv
ORD10384,2026-02-26,East,SKU-019,10,1411.98,2026-02,275.8,sales_feb_2026.csv
ORD10385,2026-02-17,East,SKU-012,6,983.78,2026-02,60.0,sales_feb_2026.csv
ORD10386,2026-02-12,North,SKU-014,1,62.38,2026-02,67.59,sales_feb_2026.csv
ORD10387,2026-02-19,South,SKU-027,4,203.12,2026-02,317.48,sales_feb_2026.csv
ORD10388,2026-02-06,East,SKU-012,9,125.07,2026-02,90.0,sales_feb_2026.csv
ORD10389,2026-02-05,South,SKU-003,6,213.21,2026-02,487.38,sales_feb_2026.csv
ORD10390,2026-02-05,South,SKU-036,10,1024.22,2026-02,829.8,sales_feb_2026.csv
ORD10391,2026-02-23,South,SKU-016,9,851.37,2026-02,491.94,sales_feb_2026.csv
ORD10392,2026-02-23,South,SKU-022,9,1034.78,2026-02,44.91,sales_feb_2026.csv
ORD10393,2026-02-16,West,SKU-016,9,210.04,2026-02,491.94,sales_feb_2026.csv
ORD10394,2026-02-25,South,SKU-032,4,54.24,2026-02,330.12,sales_feb_2026.csv
ORD10395,2026-02-09,East,SKU-002,6,299.33,2026-02,48.6,sales_feb_2026.csv
ORD10396,2026-02-13,South,SKU-004,5,681.87,2026-02,28.25,sales_feb_2026.csv
ORD10397,2026-02-24,North,SKU-030,11,1511.54,2026-02,70.4,sales_feb_2026.csv
ORD10398,2026-02-09,North,SKU-039,1,137.55,2026-02,41.48,sales_feb_2026.csv
ORD10399,2026-02-22,East,SKU-033,7,575.14,2026-02,580.93,sales_feb_2026.csv
ORD10400,2026-02-07,North,SKU-007,2,200.64,2026-02,150.32,sales_feb_2026.csv
ORD10401,2026-02-16,West,SKU-025,10,883.99,2026-02,269.2,sales_feb_2026.csv
ORD10402,2026-02-01,West,SKU-038,9,1618.17,2026-02,218.07,sales_feb_2026.csv
ORD10403,2026-02-12,East,SKU-026,10,1233.31,2026-02,196.2,sales_feb_2026.csv
ORD10404,2026-02-16,North,SKU-040,7,262.33,2026-02,616.28,sales_feb_2026.csv
ORD10405,2026-02-12,East,SKU-011,11,1444.31,2026-02,751.85,sales_feb_2026.csv
ORD10406,2026-02-23,South,SKU-008,6,379.63,2026-02,118.98,sales_feb_2026.csv
ORD10407,2026-02-06,North,SKU-016,1,68.09,2026-02,54.66,sales_feb_2026.csv
ORD10408,2026-02-20,South,SKU-007,12,601.6,2026-02,901.92,sales_feb_2026.csv
ORD10409,2026-02-05,West,SKU-015,9,1499.55,2026-02,298.53,sales_feb_2026.csv
ORD10410,2026-02-17,South,SKU-006,10,390.66,2026-02,84.3,sales_feb_2026.csv
ORD10411,2026-02-27,North,SKU-001,3,519.47,2026-02,99.45,sales_feb_2026.csv
ORD10412,2026-02-17,West,SKU-024,12,1991.58,2026-02,198.24,sales_feb_2026.csv
ORD10413,2026-02-09,East,SKU-010,2,348.96,2026-02,91.1,sales_feb_2026.csv
ORD10414,2026-02-13,North,SKU-030,3,130.37,2026-02,19.2,sales_feb_2026.csv
ORD10415,2026-02-17,North,SKU-022,5,325.25,2026-02,24.95,sales_feb_2026.csv
ORD10416,2026-02-05,East,SKU-021,1,84.64,2026-02,19.83,sales_feb_2026.csv
ORD10417,2026-02-13,South,SKU-004,4,105.83,2026-02,22.6,sales_feb_2026.csv
ORD10418,2026-02-08,West,SKU-040,7,148.87,2026-02,616.28,sales_feb_2026.csv
ORD10419,2026-02-10,West,SKU-003,10,1379.0,2026-02,812.3,sales_feb_2026.csv
ORD10420,2026-02-04,West,SKU-036,2,95.1,2026-02,165.96,sales_feb_2026.csv
ORD10421,2026-02-10,South,SKU-032,3,458.4,2026-02,247.59,sales_feb_2026.csv
ORD10422,2026-02-27,East,SKU-031,4,522.69,2026-02,212.32,sales_feb_2026.csv
ORD10423,2026-02-26,East,SKU-040,3,138.58,2026-02,264.12,sales_feb_2026.csv
ORD10424,2026-02-26,East,SKU-018,3,203.33,2026-02,122.88,sales_feb_2026.csv
ORD10425,2026-02-11,South,SKU-010,5,373.57,2026-02,227.75,sales_feb_2026.csv
ORD10426,2026-02-08,South,SKU-019,5,61.32,2026-02,137.9,sales_feb_2026.csv
ORD10427,2026-02-28,West,SKU-018,9,1290.41,2026-02,368.64,sales_feb_2026.csv
ORD10428,2026-02-15,South,SKU-009,7,739.58,2026-02,60.76,sales_feb_2026.csv
ORD10429,2026-02-13,North,SKU-010,11,1116.86,2026-02,501.05,sales_feb_2026.csv
ORD10430,2026-02-14,South,SKU-001,3,191.53,2026-02,99.45,sales_feb_2026.csv
ORD10431,2026-02-24,South,SKU-006,1,162.54,2026-02,8.43,sales_feb_2026.csv
ORD10432,2026-02-26,East,SKU-039,9,1313.68,2026-02,373.32,sales_feb_2026.csv
ORD10433,2026-02-11,South,SKU-013,10,1527.13,2026-02,645.8,sales_feb_2026.csv
ORD10434,2026-02-18,West,SKU-022,5,221.0,2026-02,24.95,sales_feb_2026.csv
ORD10435,2026-02-17,West,SKU-012,5,517.29,2026-02,50.0,sales_feb_2026.csv
ORD10436,2026-02-13,West,SKU-026,7,431.0,2026-02,137.34,sales_feb_2026.csv
ORD10437,2026-02-22,West,SKU-018,2,74.62,2026-02,81.92,sales_feb_2026.csv
ORD10438,2026-02-19,West,SKU-021,2,317.05,2026-02,39.66,sales_feb_2026.csv
ORD10439,2026-02-11,West,SKU-031,10,570.95,2026-02,530.8,sales_feb_2026.csv
ORD10440,2026-02-26,East,SKU-039,5,120.7,2026-02,207.4,sales_feb_2026.csv
ORD10441,2026-02-21,North,SKU-009,10,1309.08,2026-02,86.8,sales_feb_2026.csv
ORD10442,2026-02-14,North,SKU-010,5,79.63,2026-02,227.75,sales_feb_2026.csv
ORD10443,2026-02-03,North,SKU-025,10,438.29,2026-02,269.2,sales_feb_2026.csv
ORD10001,2026-01-26,North,SKU-002,9,131.52,2026-01,72.9,sales_jan_2026.csv
ORD10002,2026-01-21,West,SKU-032,4,520.52,2026-01,330.12,sales_jan_2026.csv
ORD10003,2026-01-05,South,SKU-040,6,126.34,2026-01,528.24,sales_jan_2026.csv
ORD10004,2026-01-25,East,SKU-028,8,207.03,2026-01,587.44,sales_jan_2026.csv
ORD10005,2026-01-29,East,SKU-008,1,166.52,2026-01,19.83,sales_jan_2026.csv
ORD10006,2026-01-04,East,SKU-038,5,105.59,2026-01,121.15,sales_jan_2026.csv
ORD10007,2026-01-19,North,SKU-001,9,795.87,2026-01,298.35,sales_jan_2026.csv
ORD10008,2026-01-08,North,SKU-023,7,593.16,2026-01,28.49,sales_jan_2026.csv
ORD10009,2026-01-28,South,SKU-035,5,296.2,2026-01,48.5,sales_jan_2026.csv
ORD10010,2026-01-21,East,SKU-019,9,1254.18,2026-01,248.22,sales_jan_2026.csv
ORD10011,2026-01-09,West,SKU-040,8,697.66,2026-01,704.32,sales_jan_2026.csv
ORD10012,2026-01-10,West,SKU-031,8,1240.34,2026-01,424.64,sales_jan_2026.csv
ORD10013,2026-01-31,North,SKU-002,4,272.46,2026-01,32.4,sales_jan_2026.csv
ORD10014,2026-01-26,East,SKU-021,9,225.5,2026-01,178.47,sales_jan_2026.csv
ORD10015,2026-01-18,West,SKU-030,7,691.46,2026-01,44.8,sales_jan_2026.csv
ORD10016,2026-01-28,West,SKU-023,4,76.27,2026-01,16.28,sales_jan_2026.csv
ORD10017,2026-01-30,North,SKU-037,12,368.7,2026-01,613.8,sales_jan_2026.csv
ORD10018,2026-01-18,North,SKU-033,1,130.33,2026-01,82.99,sales_jan_2026.csv
ORD10019,2026-01-24,South,SKU-039,9,867.19,2026-01,373.32,sales_jan_2026.csv
ORD10020,2026-01-14,South,SKU-016,9,328.01,2026-01,491.94,sales_jan_2026.csv
ORD10021,2026-01-16,South,SKU-023,1,90.77,2026-01,4.07,sales_jan_2026.csv
ORD10022,2026-01-13,East,SKU-010,9,1530.8,2026-01,409.95,sales_jan_2026.csv
ORD10023,2026-01-06,North,SKU-002,2,185.23,2026-01,16.2,sales_jan_2026.csv
ORD10024,2026-01-24,East,SKU-003,6,123.33,2026-01,487.38,sales_jan_2026.csv
ORD10025,2026-01-18,East,SKU-014,9,1254.28,2026-01,608.31,sales_jan_2026.csv
ORD10026,2026-01-05,East,SKU-013,9,1335.14,2026-01,581.22,sales_jan_2026.csv
ORD10027,2026-01-18,East,SKU-021,3,371.07,2026-01,59.49,sales_jan_2026.csv
ORD10028,2026-01-02,East,SKU-001,12,1970.36,2026-01,397.8,sales_jan_2026.csv
ORD10029,2026-01-18,North,SKU-031,10,1011.74,2026-01,530.8,sales_jan_2026.csv
ORD10030,2026-01-31,West,SKU-007,1,165.93,2026-01,75.16,sales_jan_2026.csv
ORD10031,2026-01-08,South,SKU-028,11,549.91,2026-01,807.73,sales_jan_2026.csv
ORD10032,2026-01-07,East,SKU-004,12,236.54,2026-01,67.8,sales_jan_2026.csv
ORD10033,2026-01-10,North,SKU-019,1,127.33,2026-01,27.58,sales_jan_2026.csv
ORD10034,2026-01-09,East,SKU-001,4,177.63,2026-01,132.6,sales_jan_2026.csv
ORD10035,2026-01-10,West,SKU-023,2,274.44,2026-01,8.14,sales_jan_2026.csv
ORD10036,2026-01-12,West,SKU-007,2,248.24,2026-01,150.32,sales_jan_2026.csv
ORD10037,2026-01-24,North,SKU-039,4,473.5,2026-01,165.92,sales_jan_2026.csv
ORD10038,2026-01-02,West,SKU-007,2,156.86,2026-01,150.32,sales_jan_2026.csv
ORD10039,2026-01-19,South,SKU-031,11,1300.74,2026-01,583.88,sales_jan_2026.csv
ORD10040,2026-01-22,West,SKU-034,3,335.19,2026-01,114.21,sales_jan_2026.csv
ORD10041,2026-01-14,West,SKU-024,7,963.35,2026-01,115.64,sales_jan_2026.csv
ORD10042,2026-01-26,West,SKU-031,10,1534.54,2026-01,530.8,sales_jan_2026.csv
ORD10043,2026-01-26,East,SKU-015,12,1712.73,2026-01,398.04,sales_jan_2026.csv
ORD10044,2026-01-12,West,SKU-019,10,659.76,2026-01,275.8,sales_jan_2026.csv
ORD10045,2026-01-09,East,SKU-003,10,970.72,2026-01,812.3,sales_jan_2026.csv
ORD10046,2026-01-22,East,SKU-040,4,56.96,2026-01,352.16,sales_jan_2026.csv
ORD10047,2026-01-13,West,SKU-040,2,312.93,2026-01,176.08,sales_jan_2026.csv
ORD10048,2026-01-18,North,SKU-029,12,1042.49,2026-01,944.28,sales_jan_2026.csv
ORD10049,2026-01-17,North,SKU-015,4,385.47,2026-01,132.68,sales_jan_2026.csv
ORD10050,2026-01-20,South,SKU-001,8,1223.17,2026-01,265.2,sales_jan_2026.csv
ORD10051,2026-01-14,South,SKU-016,5,451.95,2026-01,273.3,sales_jan_2026.csv
ORD10052,2026-01-22,South,SKU-035,3,342.47,2026-01,29.1,sales_jan_2026.csv
ORD10053,2026-01-13,West,SKU-021,5,85.27,2026-01,99.15,sales_jan_2026.csv
ORD10054,2026-01-22,West,SKU-021,9,1252.16,2026-01,178.47,sales_jan_2026.csv
ORD10055,2026-01-12,West,SKU-017,2,254.76,2026-01,16.04,sales_jan_2026.csv
ORD10056,2026-01-10,East,SKU-016,2,130.62,2026-01,109.32,sales_jan_2026.csv
ORD10057,2026-01-29,South,SKU-022,6,640.78,2026-01,29.94,sales_jan_2026.csv
ORD10058,2026-01-18,West,SKU-023,3,418.16,2026-01,12.21,sales_jan_2026.csv
ORD10059,2026-01-16,North,SKU-019,10,540.22,2026-01,275.8,sales_jan_2026.csv
ORD10060,2026-01-08,South,SKU-026,6,625.06,2026-01,117.72,sales_jan_2026.csv
ORD10061,2026-01-20,West,SKU-040,6,918.6,2026-01,528.24,sales_jan_2026.csv
ORD10062,2026-01-23,North,SKU-035,9,670.82,2026-01,87.3,sales_jan_2026.csv
ORD10063,2026-01-29,West,SKU-033,12,418.77,2026-01,995.88,sales_jan_2026.csv
ORD10064,2026-01-12,East,SKU-035,9,1145.86,2026-01,87.3,sales_jan_2026.csv
ORD10065,2026-01-14,North,SKU-035,9,365.22,2026-01,87.3,sales_jan_2026.csv
ORD10066,2026-01-14,West,SKU-025,6,1045.04,2026-01,161.52,sales_jan_2026.csv
ORD10067,2026-01-05,North,SKU-018,10,450.54,2026-01,409.6,sales_jan_2026.csv
ORD10068,2026-01-12,South,SKU-015,1,116.33,2026-01,33.17,sales_jan_2026.csv
ORD10069,2026-01-22,North,SKU-022,8,1135.32,2026-01,39.92,sales_jan_2026.csv
ORD10070,2026-01-19,West,SKU-018,3,48.89,2026-01,122.88,sales_jan_2026.csv
ORD10071,2026-01-14,West,SKU-029,11,690.99,2026-01,865.59,sales_jan_2026.csv
ORD10072,2026-01-28,North,SKU-019,5,122.25,2026-01,137.9,sales_jan_2026.csv
ORD10073,2026-01-19,West,SKU-030,11,1670.66,2026-01,70.4,sales_jan_2026.csv
ORD10074,2026-01-17,West,SKU-028,1,11.64,2026-01,73.43,sales_jan_2026.csv
ORD10075,2026-01-17,South,SKU-019,6,163.5,2026-01,165.48,sales_jan_2026.csv
ORD10076,2026-01-06,South,SKU-004,4,224.03,2026-01,22.6,sales_jan_2026.csv
ORD10077,2026-01-25,West,SKU-033,1,95.55,2026-01,82.99,sales_jan_2026.csv
ORD10078,2026-01-07,North,SKU-019,12,113.66,2026-01,330.96,sales_jan_2026.csv
ORD10079,2026-01-30,North,SKU-036,4,77.79,2026-01,331.92,sales_jan_2026.csv
ORD10080,2026-01-12,West,SKU-025,1,166.47,2026-01,26.92,sales_jan_2026.csv
ORD10081,2026-01-17,North,SKU-040,5,869.26,2026-01,440.2,sales_jan_2026.csv
ORD10082,2026-01-24,South,SKU-039,2,74.56,2026-01,82.96,sales_jan_2026.csv
ORD10083,2026-01-04,East,SKU-022,11,363.42,2026-01,54.89,sales_jan_2026.csv
ORD10084,2026-01-17,South,SKU-004,5,177.8,2026-01,28.25,sales_jan_2026.csv
ORD10085,2026-01-13,West,SKU-028,8,1399.37,2026-01,587.44,sales_jan_2026.csv
ORD10086,2026-01-25,North,SKU-010,10,1545.62,2026-01,455.5,sales_jan_2026.csv
ORD10087,2026-01-16,East,SKU-013,5,410.56,2026-01,322.9,sales_jan_2026.csv
ORD10088,2026-01-20,East,SKU-001,2,132.58,2026-01,66.3,sales_jan_2026.csv
ORD10089,2026-01-07,West,SKU-017,5,304.99,2026-01,40.1,sales_jan_2026.csv
ORD10090,2026-01-10,South,SKU-023,1,132.29,2026-01,4.07,sales_jan_2026.csv
ORD10091,2026-01-21,South,SKU-022,3,282.92,2026-01,14.97,sales_jan_2026.csv
ORD10092,2026-01-17,East,SKU-005,3,56.23,2026-01,149.28,sales_jan_2026.csv
ORD10093,2026-01-25,East,SKU-035,2,179.13,2026-01,19.4,sales_jan_2026.csv
ORD10094,2026-01-10,South,SKU-040,12,689.78,2026-01,1056.48,sales_jan_2026.csv
ORD10095,2026-01-03,North,SKU-015,10,739.93,2026-01,331.7,sales_jan_2026.csv
ORD10096,2026-01-24,East,SKU-030,6,662.38,2026-01,38.4,sales_jan_2026.csv
ORD10097,2026-01-12,North,SKU-027,1,62.81,2026-01,79.37,sales_jan_2026.csv
ORD10098,2026-01-21,West,SKU-014,7,142.43,2026-01,473.13,sales_jan_2026.csv
ORD10099,2026-01-15,North,SKU-040,8,566.78,2026-01,704.32,sales_jan_2026.csv
ORD10100,2026-01-04,South,SKU-038,10,260.82,2026-01,242.3,sales_jan_2026.csv
ORD10101,2026-01-11,West,SKU-036,7,212.21,2026-01,580.86,sales_jan_2026.csv
ORD10102,2026-01-27,North,SKU-036,5,858.74,2026-01,414.9,sales_jan_2026.csv
ORD10103,2026-01-11,West,SKU-040,5,473.81,2026-01,440.2,sales_jan_2026.csv
ORD10104,2026-01-16,West,SKU-004,3,386.11,2026-01,16.95,sales_jan_2026.csv
ORD10105,2026-01-10,North,SKU-035,7,692.9,2026-01,67.9,sales_jan_2026.csv
ORD10106,2026-01-27,West,SKU-008,8,1207.12,2026-01,158.64,sales_jan_2026.csv
ORD10107,2026-01-29,South,SKU-014,10,714.02,2026-01,675.9,sales_jan_2026.csv
ORD10108,2026-01-31,West,SKU-006,5,788.81,2026-01,42.15,sales_jan_2026.csv
ORD10109,2026-01-16,North,SKU-035,2,103.63,2026-01,19.4,sales_jan_2026.csv
ORD10110,2026-01-19,West,SKU-001,1,128.17,2026-01,33.15,sales_jan_2026.csv
ORD10111,2026-01-22,East,SKU-013,6,1037.14,2026-01,387.48,sales_jan_2026.csv
ORD10112,2026-01-27,South,SKU-028,4,672.85,2026-01,293.72,sales_jan_2026.csv
ORD10113,2026-01-09,West,SKU-017,10,841.28,2026-01,80.2,sales_jan_2026.csv
ORD10114,2026-01-07,West,SKU-015,5,751.26,2026-01,165.85,sales_jan_2026.csv
ORD10115,2026-01-27,South,SKU-040,6,753.39,2026-01,528.24,sales_jan_2026.csv
ORD10116,2026-01-31,South,SKU-005,2,140.61,2026-01,99.52,sales_jan_2026.csv
ORD10117,2026-01-23,West,SKU-017,7,637.02,2026-01,56.14,sales_jan_2026.csv
ORD10118,2026-01-17,South,SKU-013,2,49.99,2026-01,129.16,sales_jan_2026.csv
ORD10119,2026-01-19,East,SKU-007,3,333.11,2026-01,225.48,sales_jan_2026.csv
ORD10120,2026-01-14,West,SKU-014,4,470.93,2026-01,270.36,sales_jan_2026.csv
ORD10121,2026-01-28,West,SKU-037,3,530.52,2026-01,153.45,sales_jan_2026.csv
ORD10122,2026-01-24,North,SKU-012,6,301.23,2026-01,60.0,sales_jan_2026.csv
ORD10123,2026-01-04,West,SKU-026,10,1772.45,2026-01,196.2,sales_jan_2026.csv
ORD10124,2026-01-03,West,SKU-026,11,763.16,2026-01,215.82,sales_jan_2026.csv
ORD10125,2026-01-01,North,SKU-014,9,330.02,2026-01,608.31,sales_jan_2026.csv
ORD10126,2026-01-25,South,SKU-010,11,1092.48,2026-01,501.05,sales_jan_2026.csv
ORD10127,2026-01-12,North,SKU-004,11,226.66,2026-01,62.15,sales_jan_2026.csv
ORD10128,2026-01-29,East,SKU-040,2,311.99,2026-01,176.08,sales_jan_2026.csv
ORD10129,2026-01-30,North,SKU-017,7,206.7,2026-01,56.14,sales_jan_2026.csv
ORD10130,2026-01-06,West,SKU-011,12,1514.86,2026-01,820.2,sales_jan_2026.csv
ORD10131,2026-01-10,North,SKU-014,7,541.17,2026-01,473.13,sales_jan_2026.csv
ORD10132,2026-01-12,East,SKU-001,8,455.37,2026-01,265.2,sales_jan_2026.csv
ORD10133,2026-01-20,South,SKU-017,10,532.16,2026-01,80.2,sales_jan_2026.csv
ORD10134,2026-01-11,South,SKU-030,12,196.75,2026-01,76.8,sales_jan_2026.csv
ORD10135,2026-01-28,East,SKU-008,4,332.8,2026-01,79.32,sales_jan_2026.csv
ORD10136,2026-01-08,West,SKU-019,7,1194.42,2026-01,193.06,sales_jan_2026.csv
ORD10137,2026-01-07,West,SKU-023,8,216.04,2026-01,32.56,sales_jan_2026.csv
ORD10138,2026-01-05,East,SKU-034,6,423.6,2026-01,228.42,sales_jan_2026.csv
ORD10139,2026-01-22,East,SKU-037,11,527.24,2026-01,562.65,sales_jan_2026.csv
ORD10140,2026-01-19,West,SKU-023,3,346.19,2026-01,12.21,sales_jan_2026.csv
ORD10141,2026-01-03,West,SKU-002,8,283.12,2026-01,64.8,sales_jan_2026.csv
ORD10142,2026-01-31,North,SKU-033,6,312.63,2026-01,497.94,sales_jan_2026.csv
ORD10143,2026-01-01,West,SKU-040,4,534.82,2026-01,352.16,sales_jan_2026.csv
ORD10144,2026-01-23,South,SKU-031,1,164.56,2026-01,53.08,sales_jan_2026.csv
ORD10145,2026-01-06,South,SKU-031,1,9.93,2026-01,53.08,sales_jan_2026.csv
ORD10146,2026-01-25,West,SKU-010,7,687.53,2026-01,318.85,sales_jan_2026.csv
ORD10147,2026-01-23,East,SKU-027,4,300.76,2026-01,317.48,sales_jan_2026.csv
ORD10148,2026-01-27,East,SKU-036,2,353.44,2026-01,165.96,sales_jan_2026.csv
ORD10149,2026-01-30,West,SKU-040,8,114.03,2026-01,704.32,sales_jan_2026.csv
ORD10150,2026-01-23,West,SKU-029,11,1458.91,2026-01,865.59,sales_jan_2026.csv
ORD10151,2026-01-27,West,SKU-036,3,251.7,2026-01,248.94,sales_jan_2026.csv
ORD10152,2026-01-28,North,SKU-016,9,863.22,2026-01,491.94,sales_jan_2026.csv
ORD10153,2026-01-13,East,SKU-031,2,134.08,2026-01,106.16,sales_jan_2026.csv
ORD10154,2026-01-06,South,SKU-015,12,1820.94,2026-01,398.04,sales_jan_2026.csv
ORD10155,2026-01-22,North,SKU-034,5,714.58,2026-01,190.35,sales_jan_2026.csv
ORD10156,2026-01-30,South,SKU-017,11,656.61,2026-01,88.22,sales_jan_2026.csv
ORD10157,2026-01-11,North,SKU-023,5,243.17,2026-01,20.35,sales_jan_2026.csv
ORD10158,2026-01-31,East,SKU-006,8,108.47,2026-01,67.44,sales_jan_2026.csv
ORD10159,2026-01-15,East,SKU-040,1,119.6,2026-01,88.04,sales_jan_2026.csv
ORD10160,2026-01-06,North,SKU-012,9,1179.54,2026-01,90.0,sales_jan_2026.csv
ORD10161,2026-01-28,North,SKU-011,6,466.81,2026-01,410.1,sales_jan_2026.csv
ORD10162,2026-01-20,East,SKU-014,5,433.26,2026-01,337.95,sales_jan_2026.csv
ORD10163,2026-01-08,East,SKU-032,9,126.28,2026-01,742.77,sales_jan_2026.csv
ORD10164,2026-01-30,East,SKU-020,10,285.46,2026-01,685.7,sales_jan_2026.csv
ORD10165,2026-01-07,North,SKU-002,12,998.91,2026-01,97.2,sales_jan_2026.csv
ORD10166,2026-01-13,South,SKU-010,9,1354.87,2026-01,409.95,sales_jan_2026.csv
ORD10167,2026-01-08,South,SKU-010,1,17.47,2026-01,45.55,sales_jan_2026.csv
ORD10168,2026-01-13,West,SKU-005,4,193.98,2026-01,199.04,sales_jan_2026.csv
ORD10169,2026-01-27,West,SKU-011,10,1105.0,2026-01,683.5,sales_jan_2026.csv
ORD10170,2026-01-07,East,SKU-036,10,768.61,2026-01,829.8,sales_jan_2026.csv
ORD10171,2026-01-16,West,SKU-032,6,709.43,2026-01,495.18,sales_jan_2026.csv
ORD10172,2026-01-23,West,SKU-025,2,22.65,2026-01,53.84,sales_jan_2026.csv
ORD10173,2026-01-09,West,SKU-007,8,1437.03,2026-01,601.28,sales_jan_2026.csv
ORD10174,2026-01-09,South,SKU-003,11,511.0,2026-01,893.53,sales_jan_2026.csv
ORD10175,2026-01-21,South,SKU-015,8,1211.65,2026-01,265.36,sales_jan_2026.csv
ORD10176,2026-01-17,North,SKU-034,11,476.54,2026-01,418.77,sales_jan_2026.csv
ORD10177,2026-01-08,South,SKU-009,5,738.95,2026-01,43.4,sales_jan_2026.csv
ORD10178,2026-01-26,West,SKU-026,11,450.36,2026-01,215.82,sales_jan_2026.csv
ORD10179,2026-01-07,West,SKU-039,6,757.59,2026-01,248.88,sales_jan_2026.csv
ORD10180,2026-01-24,South,SKU-030,1,103.66,2026-01,6.4,sales_jan_2026.csv
ORD10181,2026-01-19,North,SKU-022,5,329.29,2026-01,24.95,sales_jan_2026.csv
ORD10182,2026-01-29,South,SKU-038,6,764.88,2026-01,145.38,sales_jan_2026.csv
ORD10183,2026-01-13,South,SKU-002,8,431.51,2026-01,64.8,sales_jan_2026.csv
ORD10184,2026-01-20,North,SKU-010,4,285.19,2026-01,182.2,sales_jan_2026.csv
ORD11168,2026-06-16,South,SKU-029,6,434.72,2026-06,472.14,sales_jun_2026.csv
ORD11169,2026-06-15,North,SKU-011,2,296.21,2026-06,136.7,sales_jun_2026.csv
ORD11170,2026-06-17,West,SKU-019,10,329.97,2026-06,275.8,sales_jun_2026.csv
ORD11171,2026-06-07,South,SKU-010,12,1624.43,2026-06,546.6,sales_jun_2026.csv
ORD11172,2026-06-02,South,SKU-012,5,728.45,2026-06,50.0,sales_jun_2026.csv
ORD11173,2026-06-08,South,SKU-037,3,302.64,2026-06,153.45,sales_jun_2026.csv
ORD11174,2026-06-02,West,SKU-029,8,1307.83,2026-06,629.52,sales_jun_2026.csv
ORD11175,2026-06-22,West,SKU-007,2,169.66,2026-06,150.32,sales_jun_2026.csv
ORD11176,2026-06-19,West,SKU-034,3,87.04,2026-06,114.21,sales_jun_2026.csv
ORD11177,2026-06-03,East,SKU-018,4,82.34,2026-06,163.84,sales_jun_2026.csv
ORD11178,2026-06-10,North,SKU-032,6,965.86,2026-06,495.18,sales_jun_2026.csv
ORD11179,2026-06-18,East,SKU-022,4,443.7,2026-06,19.96,sales_jun_2026.csv
ORD11180,2026-06-15,West,SKU-015,1,53.19,2026-06,33.17,sales_jun_2026.csv
ORD11181,2026-06-28,East,SKU-033,11,844.24,2026-06,912.89,sales_jun_2026.csv
ORD11182,2026-06-07,West,SKU-012,10,1669.45,2026-06,100.0,sales_jun_2026.csv
ORD11183,2026-06-20,West,SKU-002,5,557.26,2026-06,40.5,sales_jun_2026.csv
ORD11184,2026-06-28,North,SKU-024,3,205.79,2026-06,49.56,sales_jun_2026.csv
ORD11185,2026-06-10,East,SKU-022,2,322.43,2026-06,9.98,sales_jun_2026.csv
ORD11186,2026-06-03,South,SKU-017,2,183.44,2026-06,16.04,sales_jun_2026.csv
ORD11187,2026-06-22,East,SKU-021,7,147.56,2026-06,138.81,sales_jun_2026.csv
ORD11188,2026-06-25,South,SKU-028,3,55.03,2026-06,220.29,sales_jun_2026.csv
ORD11189,2026-06-20,North,SKU-007,1,89.24,2026-06,75.16,sales_jun_2026.csv
ORD11190,2026-06-28,South,SKU-014,5,883.06,2026-06,337.95,sales_jun_2026.csv
ORD11191,2026-06-13,South,SKU-036,1,16.62,2026-06,82.98,sales_jun_2026.csv
ORD11192,2026-06-23,East,SKU-010,12,1742.4,2026-06,546.6,sales_jun_2026.csv
ORD11193,2026-06-20,East,SKU-037,10,748.67,2026-06,511.5,sales_jun_2026.csv
ORD11194,2026-06-27,East,SKU-038,8,1007.82,2026-06,193.84,sales_jun_2026.csv
ORD11195,2026-06-19,South,SKU-028,4,251.84,2026-06,293.72,sales_jun_2026.csv
ORD11196,2026-06-28,West,SKU-027,6,786.04,2026-06,476.22,sales_jun_2026.csv
ORD11197,2026-06-18,East,SKU-033,10,1445.79,2026-06,829.9,sales_jun_2026.csv
ORD11198,2026-06-03,West,SKU-010,10,1313.7,2026-06,455.5,sales_jun_2026.csv
ORD11199,2026-06-15,East,SKU-006,7,515.78,2026-06,59.01,sales_jun_2026.csv
ORD11200,2026-06-24,West,SKU-025,5,804.47,2026-06,134.6,sales_jun_2026.csv
ORD11201,2026-06-12,North,SKU-021,6,55.23,2026-06,118.98,sales_jun_2026.csv
ORD11202,2026-06-17,North,SKU-033,3,528.09,2026-06,248.97,sales_jun_2026.csv
ORD11203,2026-06-26,West,SKU-024,7,173.87,2026-06,115.64,sales_jun_2026.csv
ORD11204,2026-06-28,East,SKU-017,3,315.99,2026-06,24.06,sales_jun_2026.csv
ORD11205,2026-06-13,North,SKU-040,2,59.96,2026-06,176.08,sales_jun_2026.csv
ORD11206,2026-06-07,West,SKU-032,2,111.84,2026-06,165.06,sales_jun_2026.csv
ORD11207,2026-06-09,East,SKU-035,12,904.65,2026-06,116.4,sales_jun_2026.csv
ORD11208,2026-06-29,East,SKU-001,3,361.45,2026-06,99.45,sales_jun_2026.csv
ORD11209,2026-06-30,West,SKU-025,2,98.7,2026-06,53.84,sales_jun_2026.csv
ORD11210,2026-06-04,North,SKU-039,4,284.21,2026-06,165.92,sales_jun_2026.csv
ORD11211,2026-06-18,North,SKU-010,10,829.14,2026-06,455.5,sales_jun_2026.csv
ORD11212,2026-06-01,West,SKU-030,11,568.62,2026-06,70.4,sales_jun_2026.csv
ORD11213,2026-06-18,South,SKU-033,10,911.06,2026-06,829.9,sales_jun_2026.csv
ORD11214,2026-06-05,North,SKU-003,9,955.28,2026-06,731.07,sales_jun_2026.csv
ORD11215,2026-06-24,East,SKU-032,11,986.67,2026-06,907.83,sales_jun_2026.csv
ORD11216,2026-06-21,East,SKU-024,2,333.37,2026-06,33.04,sales_jun_2026.csv
ORD11217,2026-06-24,East,SKU-006,6,68.75,2026-06,50.58,sales_jun_2026.csv
ORD11218,2026-06-10,East,SKU-002,4,581.6,2026-06,32.4,sales_jun_2026.csv
ORD11219,2026-06-23,East,SKU-030,11,1692.96,2026-06,70.4,sales_jun_2026.csv
ORD11220,2026-06-26,East,SKU-029,11,1576.72,2026-06,865.59,sales_jun_2026.csv
ORD11221,2026-06-25,East,SKU-034,8,1202.93,2026-06,304.56,sales_jun_2026.csv
ORD11222,2026-06-08,North,SKU-039,3,457.25,2026-06,124.44,sales_jun_2026.csv
ORD11223,2026-06-15,South,SKU-017,8,164.04,2026-06,64.16,sales_jun_2026.csv
ORD11224,2026-06-22,South,SKU-005,4,446.64,2026-06,199.04,sales_jun_2026.csv
ORD11225,2026-06-18,South,SKU-035,2,327.14,2026-06,19.4,sales_jun_2026.csv
ORD11226,2026-06-24,North,SKU-013,2,355.99,2026-06,129.16,sales_jun_2026.csv
ORD11227,2026-06-13,East,SKU-031,9,1560.68,2026-06,477.72,sales_jun_2026.csv
ORD11228,2026-06-15,North,SKU-002,3,311.23,2026-06,24.3,sales_jun_2026.csv
ORD11229,2026-06-08,South,SKU-002,5,267.78,2026-06,40.5,sales_jun_2026.csv
ORD11230,2026-06-23,South,SKU-040,2,170.34,2026-06,176.08,sales_jun_2026.csv
ORD11231,2026-06-29,North,SKU-017,6,954.41,2026-06,48.12,sales_jun_2026.csv
ORD11232,2026-06-26,North,SKU-025,8,544.08,2026-06,215.36,sales_jun_2026.csv
ORD11233,2026-06-25,West,SKU-032,5,741.45,2026-06,412.65,sales_jun_2026.csv
ORD11234,2026-06-19,West,SKU-018,9,347.49,2026-06,368.64,sales_jun_2026.csv
ORD11235,2026-06-07,West,SKU-035,3,37.28,2026-06,29.1,sales_jun_2026.csv
ORD11236,2026-06-03,South,SKU-012,4,291.98,2026-06,40.0,sales_jun_2026.csv
ORD11237,2026-06-21,North,SKU-009,2,290.74,2026-06,17.36,sales_jun_2026.csv
ORD11238,2026-06-07,East,SKU-004,9,1136.83,2026-06,50.85,sales_jun_2026.csv
ORD11239,2026-06-19,South,SKU-035,7,504.72,2026-06,67.9,sales_jun_2026.csv
ORD11240,2026-06-07,North,SKU-008,10,1131.2,2026-06,198.3,sales_jun_2026.csv
ORD11241,2026-06-01,North,SKU-034,3,471.54,2026-06,114.21,sales_jun_2026.csv
ORD11242,2026-06-24,North,SKU-015,4,639.85,2026-06,132.68,sales_jun_2026.csv
ORD11243,2026-06-29,West,SKU-029,8,307.79,2026-06,629.52,sales_jun_2026.csv
ORD11244,2026-06-01,East,SKU-024,7,328.02,2026-06,115.64,sales_jun_2026.csv
ORD11245,2026-06-17,North,SKU-033,3,30.0,2026-06,248.97,sales_jun_2026.csv
ORD11246,2026-06-17,North,SKU-033,7,928.59,2026-06,580.93,sales_jun_2026.csv
ORD11247,2026-06-18,North,SKU-024,5,199.85,2026-06,82.6,sales_jun_2026.csv
ORD11248,2026-06-23,North,SKU-026,5,190.14,2026-06,98.1,sales_jun_2026.csv
ORD11249,2026-06-15,North,SKU-013,11,190.81,2026-06,710.38,sales_jun_2026.csv
ORD11250,2026-06-12,East,SKU-006,2,337.38,2026-06,16.86,sales_jun_2026.csv
ORD11251,2026-06-03,West,SKU-040,6,355.36,2026-06,528.24,sales_jun_2026.csv
ORD11252,2026-06-14,West,SKU-003,1,137.51,2026-06,81.23,sales_jun_2026.csv
ORD11253,2026-06-25,West,SKU-022,7,187.36,2026-06,34.93,sales_jun_2026.csv
ORD11254,2026-06-10,East,SKU-003,2,250.55,2026-06,162.46,sales_jun_2026.csv
ORD11255,2026-06-24,South,SKU-012,7,590.79,2026-06,70.0,sales_jun_2026.csv
ORD11256,2026-06-04,North,SKU-017,4,72.38,2026-06,32.08,sales_jun_2026.csv
ORD11257,2026-06-25,East,SKU-011,9,1322.42,2026-06,615.15,sales_jun_2026.csv
ORD11258,2026-06-10,South,SKU-010,2,359.55,2026-06,91.1,sales_jun_2026.csv
ORD11259,2026-06-17,North,SKU-018,10,758.07,2026-06,409.6,sales_jun_2026.csv
ORD11260,2026-06-13,East,SKU-019,6,591.71,2026-06,165.48,sales_jun_2026.csv
ORD11261,2026-06-02,North,SKU-005,8,1058.78,2026-06,398.08,sales_jun_2026.csv
ORD11262,2026-06-11,West,SKU-031,1,91.41,2026-06,53.08,sales_jun_2026.csv
ORD11263,2026-06-25,South,SKU-025,7,279.18,2026-06,188.44,sales_jun_2026.csv
ORD11264,2026-06-30,East,SKU-029,3,492.31,2026-06,236.07,sales_jun_2026.csv
ORD11265,2026-06-19,West,SKU-023,1,123.08,2026-06,4.07,sales_jun_2026.csv
ORD11266,2026-06-30,South,SKU-012,9,1385.84,2026-06,90.0,sales_jun_2026.csv
ORD11267,2026-06-12,West,SKU-016,4,180.87,2026-06,218.64,sales_jun_2026.csv
ORD11268,2026-06-25,South,SKU-024,4,175.92,2026-06,66.08,sales_jun_2026.csv
ORD11269,2026-06-03,East,SKU-005,8,769.61,2026-06,398.08,sales_jun_2026.csv
ORD11270,2026-06-26,West,SKU-040,9,1352.62,2026-06,792.36,sales_jun_2026.csv
ORD11271,2026-06-09,West,SKU-001,11,248.28,2026-06,364.65,sales_jun_2026.csv
ORD11272,2026-06-29,East,SKU-017,10,967.29,2026-06,80.2,sales_jun_2026.csv
ORD11273,2026-06-10,North,SKU-024,10,1692.58,2026-06,165.2,sales_jun_2026.csv
ORD11274,2026-06-16,West,SKU-027,5,729.29,2026-06,396.85,sales_jun_2026.csv
ORD11275,2026-06-27,South,SKU-013,8,708.98,2026-06,516.64,sales_jun_2026.csv
ORD11276,2026-06-16,West,SKU-039,11,1438.49,2026-06,456.28,sales_jun_2026.csv
ORD11277,2026-06-28,West,SKU-011,2,54.07,2026-06,136.7,sales_jun_2026.csv
ORD11278,2026-06-08,North,SKU-029,7,257.67,2026-06,550.83,sales_jun_2026.csv
ORD11279,2026-06-27,South,SKU-033,7,730.41,2026-06,580.93,sales_jun_2026.csv
ORD11280,2026-06-14,East,SKU-009,11,676.69,2026-06,95.48,sales_jun_2026.csv
ORD11281,2026-06-22,North,SKU-008,7,771.02,2026-06,138.81,sales_jun_2026.csv
ORD11282,2026-06-29,North,SKU-022,5,850.05,2026-06,24.95,sales_jun_2026.csv
ORD11283,2026-06-16,North,SKU-012,2,262.42,2026-06,20.0,sales_jun_2026.csv
ORD11284,2026-06-14,East,SKU-032,10,1244.59,2026-06,825.3,sales_jun_2026.csv
ORD11285,2026-06-02,West,SKU-027,10,1131.64,2026-06,793.7,sales_jun_2026.csv
ORD11286,2026-06-19,North,SKU-012,1,113.62,2026-06,10.0,sales_jun_2026.csv
ORD11287,2026-06-14,South,SKU-005,3,522.01,2026-06,149.28,sales_jun_2026.csv
ORD11288,2026-06-11,North,SKU-026,5,814.06,2026-06,98.1,sales_jun_2026.csv
ORD11289,2026-06-26,North,SKU-002,1,86.47,2026-06,8.1,sales_jun_2026.csv
ORD11290,2026-06-05,West,SKU-006,7,502.86,2026-06,59.01,sales_jun_2026.csv
ORD11291,2026-06-21,West,SKU-004,2,139.22,2026-06,11.3,sales_jun_2026.csv
ORD11292,2026-06-26,South,SKU-035,11,333.05,2026-06,106.7,sales_jun_2026.csv
ORD11293,2026-06-12,South,SKU-007,9,1343.1,2026-06,676.44,sales_jun_2026.csv
ORD11294,2026-06-14,East,SKU-005,7,1078.89,2026-06,348.32,sales_jun_2026.csv
ORD11295,2026-06-17,West,SKU-033,1,88.3,2026-06,82.99,sales_jun_2026.csv
ORD11296,2026-06-24,East,SKU-012,12,510.85,2026-06,120.0,sales_jun_2026.csv
ORD11297,2026-06-14,East,SKU-017,9,158.07,2026-06,72.18,sales_jun_2026.csv
ORD11298,2026-06-27,East,SKU-020,5,263.27,2026-06,342.85,sales_jun_2026.csv
ORD11299,2026-06-22,East,SKU-014,6,455.01,2026-06,405.54,sales_jun_2026.csv
ORD11300,2026-06-29,East,SKU-010,10,220.08,2026-06,455.5,sales_jun_2026.csv
ORD11301,2026-06-16,North,SKU-012,3,197.9,2026-06,30.0,sales_jun_2026.csv
ORD11302,2026-06-16,South,SKU-010,11,395.79,2026-06,501.05,sales_jun_2026.csv
ORD11303,2026-06-02,North,SKU-025,12,620.42,2026-06,323.04,sales_jun_2026.csv
ORD11304,2026-06-24,South,SKU-023,11,746.24,2026-06,44.77,sales_jun_2026.csv
ORD11305,2026-06-15,East,SKU-031,9,1277.34,2026-06,477.72,sales_jun_2026.csv
ORD11306,2026-06-20,South,SKU-035,10,1181.67,2026-06,97.0,sales_jun_2026.csv
ORD11307,2026-06-29,South,SKU-018,12,1658.41,2026-06,491.52,sales_jun_2026.csv
ORD11308,2026-06-04,East,SKU-025,5,858.36,2026-06,134.6,sales_jun_2026.csv
ORD11309,2026-06-06,North,SKU-021,1,173.91,2026-06,19.83,sales_jun_2026.csv
ORD11310,2026-06-18,North,SKU-006,10,458.01,2026-06,84.3,sales_jun_2026.csv
ORD11311,2026-06-10,South,SKU-009,2,291.81,2026-06,17.36,sales_jun_2026.csv
ORD11312,2026-06-27,East,SKU-013,7,1049.29,2026-06,452.06,sales_jun_2026.csv
ORD11313,2026-06-08,West,SKU-031,5,547.37,2026-06,265.4,sales_jun_2026.csv
ORD11314,2026-06-29,West,SKU-040,4,77.49,2026-06,352.16,sales_jun_2026.csv
ORD11315,2026-06-01,West,SKU-025,8,229.55,2026-06,215.36,sales_jun_2026.csv
ORD11316,2026-06-11,North,SKU-036,12,1427.22,2026-06,995.76,sales_jun_2026.csv
ORD11317,2026-06-28,North,SKU-034,4,692.11,2026-06,152.28,sales_jun_2026.csv
ORD11318,2026-06-08,South,SKU-026,11,1563.53,2026-06,215.82,sales_jun_2026.csv
ORD11319,2026-06-11,West,SKU-026,5,725.27,2026-06,98.1,sales_jun_2026.csv
ORD11320,2026-06-04,East,SKU-034,12,1196.88,2026-06,456.84,sales_jun_2026.csv
ORD11321,2026-06-25,South,SKU-004,1,140.32,2026-06,5.65,sales_jun_2026.csv
ORD11322,2026-06-14,East,SKU-015,4,63.2,2026-06,132.68,sales_jun_2026.csv
ORD11323,2026-06-04,North,SKU-032,3,83.49,2026-06,247.59,sales_jun_2026.csv
ORD11324,2026-06-29,West,SKU-035,8,967.66,2026-06,77.6,sales_jun_2026.csv
ORD11325,2026-06-25,East,SKU-023,12,812.44,2026-06,48.84,sales_jun_2026.csv
ORD11326,2026-06-29,West,SKU-013,2,266.7,2026-06,129.16,sales_jun_2026.csv
ORD11327,2026-06-01,East,SKU-023,5,403.9,2026-06,20.35,sales_jun_2026.csv
ORD11328,2026-06-21,East,SKU-013,1,144.5,2026-06,64.58,sales_jun_2026.csv
ORD11329,2026-06-21,South,SKU-014,10,1625.65,2026-06,675.9,sales_jun_2026.csv
ORD11330,2026-06-05,East,SKU-012,9,920.17,2026-06,90.0,sales_jun_2026.csv
ORD11331,2026-06-20,North,SKU-004,2,164.96,2026-06,11.3,sales_jun_2026.csv
ORD11332,2026-06-04,North,SKU-039,12,2158.64,2026-06,497.76,sales_jun_2026.csv
ORD11333,2026-06-15,West,SKU-038,11,269.42,2026-06,266.53,sales_jun_2026.csv
ORD11334,2026-06-10,North,SKU-013,5,332.76,2026-06,322.9,sales_jun_2026.csv
ORD11335,2026-06-03,West,SKU-019,2,334.56,2026-06,55.16,sales_jun_2026.csv
ORD11336,2026-06-30,North,SKU-015,9,1393.15,2026-06,298.53,sales_jun_2026.csv
ORD11337,2026-06-04,West,SKU-021,9,1470.3,2026-06,178.47,sales_jun_2026.csv
ORD11338,2026-06-17,East,SKU-018,4,597.44,2026-06,163.84,sales_jun_2026.csv
ORD11339,2026-06-30,North,SKU-008,12,177.83,2026-06,237.96,sales_jun_2026.csv
ORD11340,2026-06-15,South,SKU-037,7,1049.77,2026-06,358.05,sales_jun_2026.csv
ORD11341,2026-06-03,North,SKU-035,10,933.55,2026-06,97.0,sales_jun_2026.csv
ORD11342,2026-06-22,North,SKU-001,8,391.5,2026-06,265.2,sales_jun_2026.csv
ORD11343,2026-06-14,East,SKU-027,2,274.1,2026-06,158.74,sales_jun_2026.csv
ORD11344,2026-06-10,North,SKU-018,11,1902.18,2026-06,450.56,sales_jun_2026.csv
ORD11345,2026-06-24,West,SKU-001,6,542.87,2026-06,198.9,sales_jun_2026.csv
ORD11346,2026-06-25,South,SKU-032,4,346.71,2026-06,330.12,sales_jun_2026.csv
ORD11347,2026-06-05,North,SKU-020,5,696.86,2026-06,342.85,sales_jun_2026.csv
ORD11348,2026-06-05,East,SKU-018,6,249.25,2026-06,245.76,sales_jun_2026.csv
ORD11349,2026-06-19,North,SKU-017,12,916.85,2026-06,96.24,sales_jun_2026.csv
ORD11350,2026-06-21,North,SKU-030,8,708.47,2026-06,51.2,sales_jun_2026.csv
ORD11351,2026-06-10,North,SKU-031,8,1210.67,2026-06,424.64,sales_jun_2026.csv
ORD11352,2026-06-07,South,SKU-018,1,32.31,2026-06,40.96,sales_jun_2026.csv
ORD11353,2026-06-24,North,SKU-011,10,342.57,2026-06,683.5,sales_jun_2026.csv
ORD11354,2026-06-27,South,SKU-007,7,706.54,2026-06,526.12,sales_jun_2026.csv
ORD11355,2026-06-29,East,SKU-027,8,258.15,2026-06,634.96,sales_jun_2026.csv
ORD11356,2026-06-16,South,SKU-031,10,1148.87,2026-06,530.8,sales_jun_2026.csv
ORD11357,2026-06-30,East,SKU-001,11,309.49,2026-06,364.65,sales_jun_2026.csv
ORD11358,2026-06-16,East,SKU-017,12,1993.47,2026-06,96.24,sales_jun_2026.csv
ORD11359,2026-06-23,East,SKU-040,4,131.66,2026-06,352.16,sales_jun_2026.csv
ORD11360,2026-06-26,North,SKU-023,7,711.87,2026-06,28.49,sales_jun_2026.csv
ORD11361,2026-06-07,East,SKU-031,11,1480.63,2026-06,583.88,sales_jun_2026.csv
ORD11362,2026-06-19,North,SKU-019,6,454.95,2026-06,165.48,sales_jun_2026.csv
ORD11363,2026-06-14,South,SKU-029,3,274.95,2026-06,236.07,sales_jun_2026.csv
ORD11364,2026-06-02,South,SKU-026,3,49.56,2026-06,58.86,sales_jun_2026.csv
ORD11365,2026-06-30,South,SKU-027,1,96.84,2026-06,79.37,sales_jun_2026.csv
ORD11366,2026-06-15,South,SKU-016,8,724.91,2026-06,437.28,sales_jun_2026.csv
ORD11367,2026-06-18,North,SKU-039,2,325.82,2026-06,82.96,sales_jun_2026.csv
ORD11368,2026-06-16,East,SKU-013,4,430.49,2026-06,258.32,sales_jun_2026.csv
ORD11369,2026-06-13,West,SKU-013,5,632.96,2026-06,322.9,sales_jun_2026.csv
ORD11370,2026-06-23,East,SKU-038,6,72.54,2026-06,145.38,sales_jun_2026.csv
ORD11371,2026-06-12,North,SKU-001,3,191.99,2026-06,99.45,sales_jun_2026.csv
ORD11372,2026-06-21,North,SKU-014,4,57.24,2026-06,270.36,sales_jun_2026.csv
ORD11373,2026-06-17,West,SKU-004,8,690.93,2026-06,45.2,sales_jun_2026.csv
ORD11374,2026-06-26,East,SKU-035,11,714.43,2026-06,106.7,sales_jun_2026.csv
ORD11375,2026-06-19,East,SKU-012,1,164.75,2026-06,10.0,sales_jun_2026.csv
ORD11376,2026-06-30,West,SKU-015,12,2080.53,2026-06,398.04,sales_jun_2026.csv
ORD11377,2026-06-11,North,SKU-040,7,1232.66,2026-06,616.28,sales_jun_2026.csv
ORD11378,2026-06-05,South,SKU-023,7,504.91,2026-06,28.49,sales_jun_2026.csv
ORD11379,2026-06-06,North,SKU-038,5,84.22,2026-06,121.15,sales_jun_2026.csv
ORD11380,2026-06-30,North,SKU-030,6,361.49,2026-06,38.4,sales_jun_2026.csv
ORD11381,2026-06-10,South,SKU-029,1,32.38,2026-06,78.69,sales_jun_2026.csv
ORD11382,2026-06-22,North,SKU-004,7,1235.9,2026-06,39.55,sales_jun_2026.csv
ORD11383,2026-06-13,North,SKU-017,6,921.07,2026-06,48.12,sales_jun_2026.csv
ORD11384,2026-06-22,West,SKU-036,10,587.48,2026-06,829.8,sales_jun_2026.csv
ORD11385,2026-06-16,West,SKU-012,5,624.25,2026-06,50.0,sales_jun_2026.csv
ORD11386,2026-06-13,South,SKU-017,8,560.09,2026-06,64.16,sales_jun_2026.csv
ORD11387,2026-06-04,East,SKU-004,5,63.37,2026-06,28.25,sales_jun_2026.csv
ORD11388,2026-06-26,South,SKU-026,4,110.01,2026-06,78.48,sales_jun_2026.csv
ORD11389,2026-06-01,East,SKU-003,4,142.05,2026-06,324.92,sales_jun_2026.csv
ORD11390,2026-06-05,North,SKU-014,8,1316.04,2026-06,540.72,sales_jun_2026.csv
ORD11391,2026-06-17,West,SKU-036,3,170.78,2026-06,248.94,sales_jun_2026.csv
ORD11392,2026-06-09,East,SKU-034,5,253.48,2026-06,190.35,sales_jun_2026.csv
ORD11393,2026-06-12,South,SKU-022,7,594.26,2026-06,34.93,sales_jun_2026.csv
ORD11394,2026-06-22,East,SKU-035,1,95.92,2026-06,9.7,sales_jun_2026.csv
ORD11395,2026-06-05,West,SKU-020,2,161.86,2026-06,137.14,sales_jun_2026.csv
ORD11396,2026-06-06,North,SKU-017,7,959.83,2026-06,56.14,sales_jun_2026.csv
ORD11397,2026-06-14,East,SKU-023,1,119.68,2026-06,4.07,sales_jun_2026.csv
ORD11398,2026-06-25,North,SKU-021,7,158.28,2026-06,138.81,sales_jun_2026.csv
ORD11399,2026-06-23,North,SKU-023,9,448.0,2026-06,36.63,sales_jun_2026.csv
ORD11400,2026-06-18,North,SKU-034,1,118.79,2026-06,38.07,sales_jun_2026.csv
ORD11401,2026-06-03,South,SKU-007,3,129.46,2026-06,225.48,sales_jun_2026.csv
ORD11402,2026-06-15,South,SKU-030,1,154.3,2026-06,6.4,sales_jun_2026.csv
ORD11403,2026-06-22,West,SKU-017,9,799.21,2026-06,72.18,sales_jun_2026.csv
ORD11404,2026-06-02,East,SKU-040,5,692.57,2026-06,440.2,sales_jun_2026.csv
ORD11405,2026-06-26,East,SKU-036,4,209.0,2026-06,331.92,sales_jun_2026.csv
ORD11406,2026-06-11,North,SKU-013,12,2112.24,2026-06,774.96,sales_jun_2026.csv
ORD11407,2026-06-21,West,SKU-009,2,158.96,2026-06,17.36,sales_jun_2026.csv
ORD11408,2026-06-06,West,SKU-039,5,492.13,2026-06,207.4,sales_jun_2026.csv
ORD11409,2026-06-13,South,SKU-018,7,1093.1,2026-06,286.72,sales_jun_2026.csv
ORD11410,2026-06-07,North,SKU-033,12,1228.65,2026-06,995.88,sales_jun_2026.csv
ORD11411,2026-06-12,East,SKU-028,5,437.79,2026-06,367.15,sales_jun_2026.csv
ORD11412,2026-06-14,South,SKU-018,12,1337.55,2026-06,491.52,sales_jun_2026.csv
ORD10444,2026-03-25,North,SKU-036,12,1701.32,2026-03,995.76,sales_mar_2026.csv
ORD10445,2026-03-13,South,SKU-011,8,854.71,2026-03,546.8,sales_mar_2026.csv
ORD10446,2026-03-31,East,SKU-004,11,1846.31,2026-03,62.15,sales_mar_2026.csv
ORD10447,2026-03-21,West,SKU-005,8,577.9,2026-03,398.08,sales_mar_2026.csv
ORD10448,2026-03-07,West,SKU-031,5,611.4,2026-03,265.4,sales_mar_2026.csv
ORD10449,2026-03-20,East,SKU-023,4,515.04,2026-03,16.28,sales_mar_2026.csv
ORD10450,2026-03-07,East,SKU-027,11,1037.25,2026-03,873.07,sales_mar_2026.csv
ORD10451,2026-03-20,East,SKU-018,12,726.77,2026-03,491.52,sales_mar_2026.csv
ORD10452,2026-03-10,North,SKU-014,5,755.43,2026-03,337.95,sales_mar_2026.csv
ORD10453,2026-03-15,North,SKU-017,3,477.66,2026-03,24.06,sales_mar_2026.csv
ORD10454,2026-03-22,West,SKU-036,8,1036.69,2026-03,663.84,sales_mar_2026.csv
ORD10455,2026-03-07,South,SKU-008,6,600.57,2026-03,118.98,sales_mar_2026.csv
ORD10456,2026-03-24,East,SKU-010,5,277.49,2026-03,227.75,sales_mar_2026.csv
ORD10457,2026-03-02,North,SKU-033,6,721.19,2026-03,497.94,sales_mar_2026.csv
ORD10458,2026-03-21,South,SKU-038,3,365.23,2026-03,72.69,sales_mar_2026.csv
ORD10459,2026-03-09,East,SKU-009,5,64.67,2026-03,43.4,sales_mar_2026.csv
ORD10460,2026-03-01,West,SKU-036,6,909.17,2026-03,497.88,sales_mar_2026.csv
ORD10461,2026-03-17,West,SKU-004,1,150.89,2026-03,5.65,sales_mar_2026.csv
ORD10462,2026-03-03,South,SKU-018,4,642.19,2026-03,163.84,sales_mar_2026.csv
ORD10463,2026-03-31,West,SKU-006,3,49.07,2026-03,25.29,sales_mar_2026.csv
ORD10464,2026-03-17,West,SKU-028,2,20.68,2026-03,146.86,sales_mar_2026.csv
ORD10465,2026-03-16,East,SKU-038,10,1776.27,2026-03,242.3,sales_mar_2026.csv
ORD10466,2026-03-06,North,SKU-003,12,1484.32,2026-03,974.76,sales_mar_2026.csv
ORD10467,2026-03-18,South,SKU-036,11,1932.48,2026-03,912.78,sales_mar_2026.csv
ORD10468,2026-03-29,South,SKU-002,7,879.79,2026-03,56.7,sales_mar_2026.csv
ORD10469,2026-03-18,East,SKU-001,4,467.69,2026-03,132.6,sales_mar_2026.csv
ORD10470,2026-03-12,North,SKU-034,7,404.6,2026-03,266.49,sales_mar_2026.csv
ORD10471,2026-03-30,West,SKU-005,1,41.58,2026-03,49.76,sales_mar_2026.csv
ORD10472,2026-03-02,South,SKU-004,5,480.1,2026-03,28.25,sales_mar_2026.csv
ORD10473,2026-03-05,South,SKU-007,4,294.13,2026-03,300.64,sales_mar_2026.csv
ORD10474,2026-03-22,South,SKU-040,11,986.74,2026-03,968.44,sales_mar_2026.csv
ORD10475,2026-03-25,West,SKU-002,2,201.12,2026-03,16.2,sales_mar_2026.csv
ORD10476,2026-03-07,North,SKU-006,2,142.89,2026-03,16.86,sales_mar_2026.csv
ORD10477,2026-03-15,West,SKU-035,10,1241.01,2026-03,97.0,sales_mar_2026.csv
ORD10478,2026-03-12,East,SKU-025,6,1048.31,2026-03,161.52,sales_mar_2026.csv
ORD10479,2026-03-04,West,SKU-006,3,472.39,2026-03,25.29,sales_mar_2026.csv
ORD10480,2026-03-06,East,SKU-011,9,606.21,2026-03,615.15,sales_mar_2026.csv
ORD10481,2026-03-10,North,SKU-002,4,251.87,2026-03,32.4,sales_mar_2026.csv
ORD10482,2026-03-08,South,SKU-039,6,944.18,2026-03,248.88,sales_mar_2026.csv
ORD10483,2026-03-30,West,SKU-025,1,61.42,2026-03,26.92,sales_mar_2026.csv
ORD10484,2026-03-12,West,SKU-038,8,301.44,2026-03,193.84,sales_mar_2026.csv
ORD10485,2026-03-09,East,SKU-033,3,471.0,2026-03,248.97,sales_mar_2026.csv
ORD10486,2026-03-26,East,SKU-030,2,190.27,2026-03,12.8,sales_mar_2026.csv
ORD10487,2026-03-04,West,SKU-035,7,643.03,2026-03,67.9,sales_mar_2026.csv
ORD10488,2026-03-30,South,SKU-016,12,1280.79,2026-03,655.92,sales_mar_2026.csv
ORD10489,2026-03-28,South,SKU-029,8,762.84,2026-03,629.52,sales_mar_2026.csv
ORD10490,2026-03-30,East,SKU-039,9,1229.25,2026-03,373.32,sales_mar_2026.csv
ORD10491,2026-03-28,West,SKU-016,8,1004.16,2026-03,437.28,sales_mar_2026.csv
ORD10492,2026-03-18,North,SKU-003,8,1225.6,2026-03,649.84,sales_mar_2026.csv
ORD10493,2026-03-10,East,SKU-028,7,748.62,2026-03,514.01,sales_mar_2026.csv
ORD10494,2026-03-23,East,SKU-037,11,317.47,2026-03,562.65,sales_mar_2026.csv
ORD10495,2026-03-10,West,SKU-013,7,92.35,2026-03,452.06,sales_mar_2026.csv
ORD10496,2026-03-26,West,SKU-037,11,686.35,2026-03,562.65,sales_mar_2026.csv
ORD10497,2026-03-01,North,SKU-025,8,429.72,2026-03,215.36,sales_mar_2026.csv
ORD10498,2026-03-16,West,SKU-004,11,806.91,2026-03,62.15,sales_mar_2026.csv
ORD10499,2026-03-25,East,SKU-013,1,121.98,2026-03,64.58,sales_mar_2026.csv
ORD10500,2026-03-20,North,SKU-009,6,870.33,2026-03,52.08,sales_mar_2026.csv
ORD10501,2026-03-05,South,SKU-025,3,234.61,2026-03,80.76,sales_mar_2026.csv
ORD10502,2026-03-14,East,SKU-024,12,2054.68,2026-03,198.24,sales_mar_2026.csv
ORD10503,2026-03-01,South,SKU-005,1,38.78,2026-03,49.76,sales_mar_2026.csv
ORD10504,2026-03-24,East,SKU-036,6,1014.24,2026-03,497.88,sales_mar_2026.csv
ORD10505,2026-03-30,West,SKU-039,3,439.59,2026-03,124.44,sales_mar_2026.csv
ORD10506,2026-03-15,North,SKU-015,1,43.03,2026-03,33.17,sales_mar_2026.csv
ORD10507,2026-03-14,West,SKU-002,7,863.05,2026-03,56.7,sales_mar_2026.csv
ORD10508,2026-03-16,West,SKU-025,8,398.19,2026-03,215.36,sales_mar_2026.csv
ORD10509,2026-03-09,West,SKU-029,2,150.04,2026-03,157.38,sales_mar_2026.csv
ORD10510,2026-03-29,North,SKU-032,12,1637.66,2026-03,990.36,sales_mar_2026.csv
ORD10511,2026-03-24,South,SKU-007,8,218.29,2026-03,601.28,sales_mar_2026.csv
ORD10512,2026-03-04,West,SKU-022,5,211.34,2026-03,24.95,sales_mar_2026.csv
ORD10513,2026-03-17,North,SKU-024,10,1630.3,2026-03,165.2,sales_mar_2026.csv
ORD10514,2026-03-20,East,SKU-027,3,479.41,2026-03,238.11,sales_mar_2026.csv
ORD10515,2026-03-31,West,SKU-023,6,712.78,2026-03,24.42,sales_mar_2026.csv
ORD10516,2026-03-28,South,SKU-011,8,1058.55,2026-03,546.8,sales_mar_2026.csv
ORD10517,2026-03-18,North,SKU-031,7,445.56,2026-03,371.56,sales_mar_2026.csv
ORD10518,2026-03-22,South,SKU-016,2,195.41,2026-03,109.32,sales_mar_2026.csv
ORD10519,2026-03-18,North,SKU-037,9,1314.87,2026-03,460.35,sales_mar_2026.csv
ORD10520,2026-03-09,North,SKU-032,2,65.91,2026-03,165.06,sales_mar_2026.csv
ORD10521,2026-03-02,South,SKU-035,7,534.91,2026-03,67.9,sales_mar_2026.csv
ORD10522,2026-03-10,South,SKU-018,8,236.54,2026-03,327.68,sales_mar_2026.csv
ORD10523,2026-03-04,West,SKU-037,3,509.3,2026-03,153.45,sales_mar_2026.csv
ORD10524,2026-03-14,West,SKU-031,12,1870.65,2026-03,636.96,sales_mar_2026.csv
ORD10525,2026-03-15,West,SKU-034,7,487.62,2026-03,266.49,sales_mar_2026.csv
ORD10526,2026-03-11,East,SKU-025,10,158.98,2026-03,269.2,sales_mar_2026.csv
ORD10527,2026-03-15,West,SKU-023,1,131.69,2026-03,4.07,sales_mar_2026.csv
ORD10528,2026-03-21,East,SKU-029,1,138.46,2026-03,78.69,sales_mar_2026.csv
ORD10529,2026-03-13,North,SKU-030,3,127.86,2026-03,19.2,sales_mar_2026.csv
ORD10530,2026-03-06,North,SKU-015,9,568.94,2026-03,298.53,sales_mar_2026.csv
ORD10531,2026-03-09,East,SKU-009,4,102.98,2026-03,34.72,sales_mar_2026.csv
ORD10532,2026-03-06,North,SKU-015,2,167.06,2026-03,66.34,sales_mar_2026.csv
ORD10533,2026-03-03,North,SKU-022,6,597.61,2026-03,29.94,sales_mar_2026.csv
ORD10534,2026-03-22,East,SKU-022,9,832.54,2026-03,44.91,sales_mar_2026.csv
ORD10535,2026-03-23,West,SKU-012,5,405.28,2026-03,50.0,sales_mar_2026.csv
ORD10536,2026-03-07,West,SKU-025,8,1188.59,2026-03,215.36,sales_mar_2026.csv
ORD10537,2026-03-14,North,SKU-034,7,794.69,2026-03,266.49,sales_mar_2026.csv
ORD10538,2026-03-31,West,SKU-009,10,1177.68,2026-03,86.8,sales_mar_2026.csv
ORD10539,2026-03-15,West,SKU-040,5,875.21,2026-03,440.2,sales_mar_2026.csv
ORD10540,2026-03-19,North,SKU-019,6,534.37,2026-03,165.48,sales_mar_2026.csv
ORD10541,2026-03-22,West,SKU-016,12,1862.33,2026-03,655.92,sales_mar_2026.csv
ORD10542,2026-03-13,South,SKU-021,5,329.81,2026-03,99.15,sales_mar_2026.csv
ORD10543,2026-03-05,West,SKU-014,7,717.71,2026-03,473.13,sales_mar_2026.csv
ORD10544,2026-03-24,West,SKU-029,7,839.98,2026-03,550.83,sales_mar_2026.csv
ORD10545,2026-03-07,North,SKU-017,8,181.57,2026-03,64.16,sales_mar_2026.csv
ORD10546,2026-03-09,West,SKU-034,9,1266.18,2026-03,342.63,sales_mar_2026.csv
ORD10547,2026-03-24,North,SKU-039,9,750.39,2026-03,373.32,sales_mar_2026.csv
ORD10548,2026-03-16,West,SKU-002,4,97.73,2026-03,32.4,sales_mar_2026.csv
ORD10549,2026-03-27,North,SKU-005,8,254.06,2026-03,398.08,sales_mar_2026.csv
ORD10550,2026-03-01,South,SKU-019,3,370.87,2026-03,82.74,sales_mar_2026.csv
ORD10551,2026-03-24,West,SKU-027,8,812.43,2026-03,634.96,sales_mar_2026.csv
ORD10552,2026-03-18,East,SKU-034,1,174.28,2026-03,38.07,sales_mar_2026.csv
ORD10553,2026-03-27,South,SKU-031,11,607.85,2026-03,583.88,sales_mar_2026.csv
ORD10554,2026-03-15,North,SKU-028,10,802.65,2026-03,734.3,sales_mar_2026.csv
ORD10555,2026-03-08,North,SKU-011,4,67.16,2026-03,273.4,sales_mar_2026.csv
ORD10556,2026-03-08,North,SKU-027,11,980.3,2026-03,873.07,sales_mar_2026.csv
ORD10557,2026-03-03,East,SKU-012,8,1044.45,2026-03,80.0,sales_mar_2026.csv
ORD10558,2026-03-16,East,SKU-008,11,1959.24,2026-03,218.13,sales_mar_2026.csv
ORD10559,2026-03-02,South,SKU-031,7,705.42,2026-03,371.56,sales_mar_2026.csv
ORD10560,2026-03-13,West,SKU-012,1,26.88,2026-03,10.0,sales_mar_2026.csv
ORD10561,2026-03-01,South,SKU-028,9,1141.13,2026-03,660.87,sales_mar_2026.csv
ORD10562,2026-03-07,South,SKU-015,12,917.93,2026-03,398.04,sales_mar_2026.csv
ORD10563,2026-03-13,East,SKU-012,12,247.76,2026-03,120.0,sales_mar_2026.csv
ORD10564,2026-03-19,East,SKU-020,10,1357.35,2026-03,685.7,sales_mar_2026.csv
ORD10565,2026-03-16,East,SKU-038,3,453.33,2026-03,72.69,sales_mar_2026.csv
ORD10566,2026-03-10,South,SKU-016,1,171.2,2026-03,54.66,sales_mar_2026.csv
ORD10567,2026-03-04,South,SKU-032,5,221.9,2026-03,412.65,sales_mar_2026.csv
ORD10568,2026-03-09,East,SKU-008,8,1035.58,2026-03,158.64,sales_mar_2026.csv
ORD10569,2026-03-10,East,SKU-031,7,1044.81,2026-03,371.56,sales_mar_2026.csv
ORD10570,2026-03-10,East,SKU-009,1,20.91,2026-03,8.68,sales_mar_2026.csv
ORD10571,2026-03-30,South,SKU-034,9,405.79,2026-03,342.63,sales_mar_2026.csv
ORD10572,2026-03-07,West,SKU-021,12,1123.31,2026-03,237.96,sales_mar_2026.csv
ORD10573,2026-03-18,West,SKU-036,4,121.37,2026-03,331.92,sales_mar_2026.csv
ORD10574,2026-03-10,South,SKU-027,9,727.37,2026-03,714.33,sales_mar_2026.csv
ORD10575,2026-03-13,East,SKU-017,8,452.99,2026-03,64.16,sales_mar_2026.csv
ORD10576,2026-03-10,West,SKU-039,8,1208.09,2026-03,331.84,sales_mar_2026.csv
ORD10577,2026-03-21,North,SKU-001,6,1022.22,2026-03,198.9,sales_mar_2026.csv
ORD10578,2026-03-05,East,SKU-029,6,298.49,2026-03,472.14,sales_mar_2026.csv
ORD10579,2026-03-18,North,SKU-014,6,498.86,2026-03,405.54,sales_mar_2026.csv
ORD10580,2026-03-05,South,SKU-026,1,43.45,2026-03,19.62,sales_mar_2026.csv
ORD10581,2026-03-24,West,SKU-024,2,185.93,2026-03,33.04,sales_mar_2026.csv
ORD10582,2026-03-30,East,SKU-013,6,879.4,2026-03,387.48,sales_mar_2026.csv
ORD10583,2026-03-11,East,SKU-003,3,32.66,2026-03,243.69,sales_mar_2026.csv
ORD10584,2026-03-28,South,SKU-012,8,644.11,2026-03,80.0,sales_mar_2026.csv
ORD10585,2026-03-06,North,SKU-022,2,31.89,2026-03,9.98,sales_mar_2026.csv
ORD10586,2026-03-02,East,SKU-010,8,448.88,2026-03,364.4,sales_mar_2026.csv
ORD10587,2026-03-14,East,SKU-003,6,945.49,2026-03,487.38,sales_mar_2026.csv
ORD10588,2026-03-18,East,SKU-037,6,557.11,2026-03,306.9,sales_mar_2026.csv
ORD10589,2026-03-22,East,SKU-037,2,276.87,2026-03,102.3,sales_mar_2026.csv
ORD10590,2026-03-15,North,SKU-025,10,1491.93,2026-03,269.2,sales_mar_2026.csv
ORD10591,2026-03-18,South,SKU-002,7,976.34,2026-03,56.7,sales_mar_2026.csv
ORD10592,2026-03-29,East,SKU-034,6,61.34,2026-03,228.42,sales_mar_2026.csv
ORD10593,2026-03-25,North,SKU-039,5,398.89,2026-03,207.4,sales_mar_2026.csv
ORD10594,2026-03-29,West,SKU-034,2,64.83,2026-03,76.14,sales_mar_2026.csv
ORD10595,2026-03-06,South,SKU-016,1,154.39,2026-03,54.66,sales_mar_2026.csv
ORD10596,2026-03-27,West,SKU-005,12,1593.58,2026-03,597.12,sales_mar_2026.csv
ORD10597,2026-03-13,South,SKU-035,4,141.29,2026-03,38.8,sales_mar_2026.csv
ORD10598,2026-03-30,East,SKU-024,1,129.5,2026-03,16.52,sales_mar_2026.csv
ORD10599,2026-03-20,West,SKU-026,3,93.68,2026-03,58.86,sales_mar_2026.csv
ORD10600,2026-03-19,East,SKU-002,5,123.33,2026-03,40.5,sales_mar_2026.csv
ORD10601,2026-03-18,West,SKU-022,12,1091.38,2026-03,59.88,sales_mar_2026.csv
ORD10602,2026-03-09,North,SKU-010,10,1501.23,2026-03,455.5,sales_mar_2026.csv
ORD10603,2026-03-26,South,SKU-034,12,2044.64,2026-03,456.84,sales_mar_2026.csv
ORD10604,2026-03-28,North,SKU-033,5,798.69,2026-03,414.95,sales_mar_2026.csv
ORD10605,2026-03-29,South,SKU-018,8,1191.77,2026-03,327.68,sales_mar_2026.csv
ORD10606,2026-03-11,North,SKU-014,11,441.64,2026-03,743.49,sales_mar_2026.csv
ORD10607,2026-03-28,North,SKU-018,2,148.63,2026-03,81.92,sales_mar_2026.csv
ORD10608,2026-03-22,North,SKU-022,1,169.89,2026-03,4.99,sales_mar_2026.csv
ORD10609,2026-03-30,South,SKU-034,2,180.23,2026-03,76.14,sales_mar_2026.csv
ORD10610,2026-03-25,South,SKU-030,11,1107.33,2026-03,70.4,sales_mar_2026.csv
ORD10611,2026-03-18,West,SKU-008,6,243.57,2026-03,118.98,sales_mar_2026.csv
ORD10612,2026-03-28,North,SKU-005,4,70.19,2026-03,199.04,sales_mar_2026.csv
ORD10613,2026-03-17,West,SKU-026,8,210.33,2026-03,156.96,sales_mar_2026.csv
ORD10614,2026-03-29,West,SKU-008,8,410.06,2026-03,158.64,sales_mar_2026.csv
ORD10615,2026-03-12,South,SKU-012,7,312.02,2026-03,70.0,sales_mar_2026.csv
ORD10616,2026-03-03,South,SKU-029,11,1649.58,2026-03,865.59,sales_mar_2026.csv
ORD10617,2026-03-18,North,SKU-015,1,87.72,2026-03,33.17,sales_mar_2026.csv
ORD10618,2026-03-27,South,SKU-040,4,718.82,2026-03,352.16,sales_mar_2026.csv
ORD10619,2026-03-06,West,SKU-014,11,372.92,2026-03,743.49,sales_mar_2026.csv
ORD10620,2026-03-19,West,SKU-004,12,1564.95,2026-03,67.8,sales_mar_2026.csv
ORD10621,2026-03-18,West,SKU-039,10,1618.73,2026-03,414.8,sales_mar_2026.csv
ORD10622,2026-03-31,West,SKU-011,12,446.16,2026-03,820.2,sales_mar_2026.csv
ORD10623,2026-03-06,North,SKU-033,4,53.38,2026-03,331.96,sales_mar_2026.csv
ORD10624,2026-03-22,West,SKU-029,1,54.23,2026-03,78.69,sales_mar_2026.csv
ORD10625,2026-03-14,East,SKU-011,1,80.73,2026-03,68.35,sales_mar_2026.csv
ORD10626,2026-03-21,East,SKU-021,10,1235.73,2026-03,198.3,sales_mar_2026.csv
ORD10627,2026-03-28,East,SKU-008,12,1240.09,2026-03,237.96,sales_mar_2026.csv
ORD10628,2026-03-08,North,SKU-035,7,137.66,2026-03,67.9,sales_mar_2026.csv
ORD10629,2026-03-05,West,SKU-002,3,31.51,2026-03,24.3,sales_mar_2026.csv
ORD10630,2026-03-01,West,SKU-006,4,149.85,2026-03,33.72,sales_mar_2026.csv
ORD10631,2026-03-09,North,SKU-006,4,551.76,2026-03,33.72,sales_mar_2026.csv
ORD10632,2026-03-30,South,SKU-026,6,1045.77,2026-03,117.72,sales_mar_2026.csv
ORD10633,2026-03-10,West,SKU-010,3,444.6,2026-03,136.65,sales_mar_2026.csv
ORD10634,2026-03-23,West,SKU-008,3,256.66,2026-03,59.49,sales_mar_2026.csv
ORD10635,2026-03-12,East,SKU-014,7,1011.87,2026-03,473.13,sales_mar_2026.csv
ORD10636,2026-03-26,West,SKU-002,6,407.45,2026-03,48.6,sales_mar_2026.csv
ORD10637,2026-03-09,South,SKU-001,7,570.94,2026-03,232.05,sales_mar_2026.csv
ORD10638,2026-03-24,North,SKU-037,7,80.53,2026-03,358.05,sales_mar_2026.csv
ORD10639,2026-03-03,West,SKU-007,2,30.16,2026-03,150.32,sales_mar_2026.csv
ORD10640,2026-03-08,North,SKU-011,12,398.37,2026-03,820.2,sales_mar_2026.csv
ORD10641,2026-03-28,East,SKU-040,9,107.94,2026-03,792.36,sales_mar_2026.csv
ORD10642,2026-03-26,West,SKU-004,7,375.41,2026-03,39.55,sales_mar_2026.csv
ORD10643,2026-03-17,South,SKU-032,8,965.95,2026-03,660.24,sales_mar_2026.csv
ORD10644,2026-03-21,North,SKU-026,9,1439.59,2026-03,176.58,sales_mar_2026.csv
ORD10645,2026-03-29,North,SKU-017,7,1073.28,2026-03,56.14,sales_mar_2026.csv
ORD10646,2026-03-06,North,SKU-030,10,252.07,2026-03,64.0,sales_mar_2026.csv
ORD10647,2026-03-04,West,SKU-017,4,420.25,2026-03,32.08,sales_mar_2026.csv
ORD10648,2026-03-01,South,SKU-021,11,1934.47,2026-03,218.13,sales_mar_2026.csv
ORD10649,2026-03-16,West,SKU-028,9,1490.17,2026-03,660.87,sales_mar_2026.csv
ORD10650,2026-03-15,South,SKU-031,4,171.02,2026-03,212.32,sales_mar_2026.csv
ORD10651,2026-03-26,East,SKU-040,3,320.05,2026-03,264.12,sales_mar_2026.csv
ORD10652,2026-03-14,East,SKU-022,8,705.51,2026-03,39.92,sales_mar_2026.csv
ORD10653,2026-03-22,East,SKU-014,7,380.15,2026-03,473.13,sales_mar_2026.csv
ORD10654,2026-03-09,South,SKU-032,5,529.73,2026-03,412.65,sales_mar_2026.csv
ORD10655,2026-03-25,North,SKU-025,3,423.7,2026-03,80.76,sales_mar_2026.csv
ORD10656,2026-03-16,East,SKU-005,1,162.41,2026-03,49.76,sales_mar_2026.csv
ORD10657,2026-03-22,South,SKU-027,8,1020.66,2026-03,634.96,sales_mar_2026.csv
ORD10658,2026-03-09,East,SKU-036,8,1177.34,2026-03,663.84,sales_mar_2026.csv
ORD10659,2026-03-05,West,SKU-038,1,172.62,2026-03,24.23,sales_mar_2026.csv
ORD10660,2026-03-31,West,SKU-001,7,1066.26,2026-03,232.05,sales_mar_2026.csv
ORD10661,2026-03-03,North,SKU-001,7,180.97,2026-03,232.05,sales_mar_2026.csv
ORD10662,2026-03-13,South,SKU-006,7,511.23,2026-03,59.01,sales_mar_2026.csv
ORD10663,2026-03-25,North,SKU-022,4,117.4,2026-03,19.96,sales_mar_2026.csv
ORD10664,2026-03-25,South,SKU-014,4,263.86,2026-03,270.36,sales_mar_2026.csv
ORD10665,2026-03-12,West,SKU-006,5,595.79,2026-03,42.15,sales_mar_2026.csv
ORD10666,2026-03-07,East,SKU-004,1,42.18,2026-03,5.65,sales_mar_2026.csv
ORD10667,2026-03-05,West,SKU-016,2,342.58,2026-03,109.32,sales_mar_2026.csv
ORD10668,2026-03-20,West,SKU-035,5,722.52,2026-03,48.5,sales_mar_2026.csv
ORD10669,2026-03-27,South,SKU-030,3,68.83,2026-03,19.2,sales_mar_2026.csv
ORD10670,2026-03-13,South,SKU-024,3,348.4,2026-03,49.56,sales_mar_2026.csv
ORD10671,2026-03-01,West,SKU-032,8,1016.34,2026-03,660.24,sales_mar_2026.csv
ORD10672,2026-03-15,East,SKU-036,11,476.65,2026-03,912.78,sales_mar_2026.csv
ORD10673,2026-03-12,South,SKU-033,10,1632.03,2026-03,829.9,sales_mar_2026.csv
ORD10674,2026-03-19,East,SKU-005,12,1512.9,2026-03,597.12,sales_mar_2026.csv
ORD10675,2026-03-25,West,SKU-004,8,494.28,2026-03,45.2,sales_mar_2026.csv
ORD10676,2026-03-21,North,SKU-015,8,130.27,2026-03,265.36,sales_mar_2026.csv
ORD10677,2026-03-28,East,SKU-021,8,1378.84,2026-03,158.64,sales_mar_2026.csv
ORD10678,2026-03-22,West,SKU-015,2,65.04,2026-03,66.34,sales_mar_2026.csv
ORD10679,2026-03-05,North,SKU-037,9,722.22,2026-03,460.35,sales_mar_2026.csv
ORD10680,2026-03-16,East,SKU-017,11,684.71,2026-03,88.22,sales_mar_2026.csv
ORD10681,2026-03-24,West,SKU-029,10,830.41,2026-03,786.9,sales_mar_2026.csv
ORD10682,2026-03-11,East,SKU-019,1,15.42,2026-03,27.58,sales_mar_2026.csv
ORD10683,2026-03-04,South,SKU-026,5,362.08,2026-03,98.1,sales_mar_2026.csv
ORD10684,2026-03-12,West,SKU-034,9,101.24,2026-03,342.63,sales_mar_2026.csv
ORD10685,2026-03-21,West,SKU-015,3,314.3,2026-03,99.51,sales_mar_2026.csv
ORD10686,2026-03-06,North,SKU-030,7,782.55,2026-03,44.8,sales_mar_2026.csv
ORD10687,2026-03-21,West,SKU-007,10,244.85,2026-03,751.6,sales_mar_2026.csv
ORD10688,2026-03-12,North,SKU-018,3,321.71,2026-03,122.88,sales_mar_2026.csv
ORD10689,2026-03-28,North,SKU-002,9,1518.31,2026-03,72.9,sales_mar_2026.csv
ORD10690,2026-03-26,North,SKU-001,12,1535.92,2026-03,397.8,sales_mar_2026.csv
ORD10935,2026-05-24,East,SKU-030,4,648.53,2026-05,25.6,sales_may_2026.csv
ORD10936,2026-05-06,East,SKU-003,6,111.95,2026-05,487.38,sales_may_2026.csv
ORD10937,2026-05-27,East,SKU-022,12,601.88,2026-05,59.88,sales_may_2026.csv
ORD10938,2026-05-17,East,SKU-031,2,345.37,2026-05,106.16,sales_may_2026.csv
ORD10939,2026-05-01,South,SKU-007,10,1604.81,2026-05,751.6,sales_may_2026.csv
ORD10940,2026-05-16,North,SKU-018,3,367.14,2026-05,122.88,sales_may_2026.csv
ORD10941,2026-05-01,West,SKU-003,11,556.16,2026-05,893.53,sales_may_2026.csv
ORD10942,2026-05-21,East,SKU-013,2,217.47,2026-05,129.16,sales_may_2026.csv
ORD10943,2026-05-22,East,SKU-019,11,1480.62,2026-05,303.38,sales_may_2026.csv
ORD10944,2026-05-28,East,SKU-011,5,884.08,2026-05,341.75,sales_may_2026.csv
ORD10945,2026-05-11,East,SKU-024,3,425.41,2026-05,49.56,sales_may_2026.csv
ORD10946,2026-05-30,North,SKU-039,10,1603.76,2026-05,414.8,sales_may_2026.csv
ORD10947,2026-05-25,North,SKU-020,5,263.22,2026-05,342.85,sales_may_2026.csv
ORD10948,2026-05-12,North,SKU-031,1,93.63,2026-05,53.08,sales_may_2026.csv
ORD10949,2026-05-27,North,SKU-035,2,240.11,2026-05,19.4,sales_may_2026.csv
ORD10950,2026-05-13,East,SKU-037,7,1071.7,2026-05,358.05,sales_may_2026.csv
ORD10951,2026-05-03,East,SKU-016,9,217.41,2026-05,491.94,sales_may_2026.csv
ORD10952,2026-05-07,North,SKU-013,3,358.35,2026-05,193.74,sales_may_2026.csv
ORD10953,2026-05-21,North,SKU-019,6,1004.52,2026-05,165.48,sales_may_2026.csv
ORD10954,2026-05-05,North,SKU-028,5,839.68,2026-05,367.15,sales_may_2026.csv
ORD10955,2026-05-10,South,SKU-036,11,1687.78,2026-05,912.78,sales_may_2026.csv
ORD10956,2026-05-17,West,SKU-011,12,819.69,2026-05,820.2,sales_may_2026.csv
ORD10957,2026-05-14,North,SKU-010,3,509.02,2026-05,136.65,sales_may_2026.csv
ORD10958,2026-05-28,East,SKU-021,6,391.0,2026-05,118.98,sales_may_2026.csv
ORD10959,2026-05-30,North,SKU-028,1,63.66,2026-05,73.43,sales_may_2026.csv
ORD10960,2026-05-26,South,SKU-020,11,880.62,2026-05,754.27,sales_may_2026.csv
ORD10961,2026-05-14,East,SKU-004,2,293.53,2026-05,11.3,sales_may_2026.csv
ORD10962,2026-05-11,West,SKU-001,7,279.56,2026-05,232.05,sales_may_2026.csv
ORD10963,2026-05-05,North,SKU-001,1,170.23,2026-05,33.15,sales_may_2026.csv
ORD10964,2026-05-12,North,SKU-017,5,104.93,2026-05,40.1,sales_may_2026.csv
ORD10965,2026-05-19,North,SKU-016,3,162.79,2026-05,163.98,sales_may_2026.csv
ORD10966,2026-05-06,East,SKU-032,12,1406.13,2026-05,990.36,sales_may_2026.csv
ORD10967,2026-05-23,South,SKU-011,5,111.99,2026-05,341.75,sales_may_2026.csv
ORD10968,2026-05-22,West,SKU-009,1,15.62,2026-05,8.68,sales_may_2026.csv
ORD10969,2026-05-05,East,SKU-008,5,106.54,2026-05,99.15,sales_may_2026.csv
ORD10970,2026-05-26,West,SKU-020,8,1195.05,2026-05,548.56,sales_may_2026.csv
ORD10971,2026-05-17,West,SKU-014,1,158.17,2026-05,67.59,sales_may_2026.csv
ORD10972,2026-05-15,North,SKU-032,8,1436.25,2026-05,660.24,sales_may_2026.csv
ORD10973,2026-05-05,South,SKU-017,8,1384.48,2026-05,64.16,sales_may_2026.csv
ORD10974,2026-05-26,West,SKU-017,9,376.56,2026-05,72.18,sales_may_2026.csv
ORD10975,2026-05-02,North,SKU-004,7,481.21,2026-05,39.55,sales_may_2026.csv
ORD10976,2026-05-31,South,SKU-007,1,133.99,2026-05,75.16,sales_may_2026.csv
ORD10977,2026-05-18,West,SKU-009,1,111.86,2026-05,8.68,sales_may_2026.csv
ORD10978,2026-05-30,North,SKU-019,9,793.86,2026-05,248.22,sales_may_2026.csv
ORD10979,2026-05-22,South,SKU-036,5,352.52,2026-05,414.9,sales_may_2026.csv
ORD10980,2026-05-22,East,SKU-006,1,98.45,2026-05,8.43,sales_may_2026.csv
ORD10981,2026-05-19,East,SKU-012,1,41.49,2026-05,10.0,sales_may_2026.csv
ORD10982,2026-05-05,East,SKU-033,11,1215.09,2026-05,912.89,sales_may_2026.csv
ORD10983,2026-05-29,West,SKU-037,1,106.11,2026-05,51.15,sales_may_2026.csv
ORD10984,2026-05-22,West,SKU-020,11,1231.56,2026-05,754.27,sales_may_2026.csv
ORD10985,2026-05-01,South,SKU-018,8,269.26,2026-05,327.68,sales_may_2026.csv
ORD10986,2026-05-04,East,SKU-012,11,995.71,2026-05,110.0,sales_may_2026.csv
ORD10987,2026-05-10,North,SKU-013,7,121.78,2026-05,452.06,sales_may_2026.csv
ORD10988,2026-05-10,West,SKU-004,7,1011.02,2026-05,39.55,sales_may_2026.csv
ORD10989,2026-05-27,East,SKU-024,6,1012.29,2026-05,99.12,sales_may_2026.csv
ORD10990,2026-05-25,South,SKU-040,3,208.89,2026-05,264.12,sales_may_2026.csv
ORD10991,2026-05-11,South,SKU-011,5,215.7,2026-05,341.75,sales_may_2026.csv
ORD10992,2026-05-11,West,SKU-002,9,1380.76,2026-05,72.9,sales_may_2026.csv
ORD10993,2026-05-12,East,SKU-003,3,435.14,2026-05,243.69,sales_may_2026.csv
ORD10994,2026-05-16,West,SKU-011,12,1468.92,2026-05,820.2,sales_may_2026.csv
ORD10995,2026-05-24,East,SKU-013,3,483.41,2026-05,193.74,sales_may_2026.csv
ORD10996,2026-05-07,East,SKU-034,9,811.96,2026-05,342.63,sales_may_2026.csv
ORD10997,2026-05-17,East,SKU-038,12,1601.75,2026-05,290.76,sales_may_2026.csv
ORD10998,2026-05-25,North,SKU-026,7,721.84,2026-05,137.34,sales_may_2026.csv
ORD10999,2026-05-15,West,SKU-011,7,453.44,2026-05,478.45,sales_may_2026.csv
ORD11000,2026-05-19,South,SKU-033,2,62.59,2026-05,165.98,sales_may_2026.csv
ORD11001,2026-05-12,West,SKU-040,10,676.61,2026-05,880.4,sales_may_2026.csv
ORD11002,2026-05-09,East,SKU-039,3,262.33,2026-05,124.44,sales_may_2026.csv
ORD11003,2026-05-16,West,SKU-015,2,334.24,2026-05,66.34,sales_may_2026.csv
ORD11004,2026-05-29,South,SKU-021,5,515.17,2026-05,99.15,sales_may_2026.csv
ORD11005,2026-05-21,North,SKU-001,3,387.3,2026-05,99.45,sales_may_2026.csv
ORD11006,2026-05-11,East,SKU-038,8,1035.75,2026-05,193.84,sales_may_2026.csv
ORD11007,2026-05-07,North,SKU-033,5,553.65,2026-05,414.95,sales_may_2026.csv
ORD11008,2026-05-16,South,SKU-028,10,1699.22,2026-05,734.3,sales_may_2026.csv
ORD11009,2026-05-10,North,SKU-002,9,1147.58,2026-05,72.9,sales_may_2026.csv
ORD11010,2026-05-07,South,SKU-002,6,445.91,2026-05,48.6,sales_may_2026.csv
ORD11011,2026-05-31,West,SKU-027,12,173.56,2026-05,952.44,sales_may_2026.csv
ORD11012,2026-05-17,West,SKU-036,6,982.71,2026-05,497.88,sales_may_2026.csv
ORD11013,2026-05-25,West,SKU-022,10,1310.85,2026-05,49.9,sales_may_2026.csv
ORD11014,2026-05-09,East,SKU-028,11,1604.25,2026-05,807.73,sales_may_2026.csv
ORD11015,2026-05-09,East,SKU-037,8,1024.88,2026-05,409.2,sales_may_2026.csv
ORD11016,2026-05-26,North,SKU-023,5,629.27,2026-05,20.35,sales_may_2026.csv
ORD11017,2026-05-06,South,SKU-027,12,1961.2,2026-05,952.44,sales_may_2026.csv
ORD11018,2026-05-02,South,SKU-023,6,390.58,2026-05,24.42,sales_may_2026.csv
ORD11019,2026-05-28,East,SKU-001,10,1337.94,2026-05,331.5,sales_may_2026.csv
ORD11020,2026-05-30,North,SKU-025,6,331.15,2026-05,161.52,sales_may_2026.csv
ORD11021,2026-05-16,East,SKU-037,2,188.04,2026-05,102.3,sales_may_2026.csv
ORD11022,2026-05-04,South,SKU-018,12,1570.51,2026-05,491.52,sales_may_2026.csv
ORD11023,2026-05-30,East,SKU-024,7,520.37,2026-05,115.64,sales_may_2026.csv
ORD11024,2026-05-24,East,SKU-008,4,261.21,2026-05,79.32,sales_may_2026.csv
ORD11025,2026-05-20,West,SKU-033,5,438.22,2026-05,414.95,sales_may_2026.csv
ORD11026,2026-05-04,East,SKU-014,12,665.7,2026-05,811.08,sales_may_2026.csv
ORD11027,2026-05-13,West,SKU-023,6,1040.78,2026-05,24.42,sales_may_2026.csv
ORD11028,2026-05-27,South,SKU-026,8,613.92,2026-05,156.96,sales_may_2026.csv
ORD11029,2026-05-27,East,SKU-034,4,132.52,2026-05,152.28,sales_may_2026.csv
ORD11030,2026-05-13,West,SKU-019,9,587.3,2026-05,248.22,sales_may_2026.csv
ORD11031,2026-05-02,East,SKU-021,3,513.1,2026-05,59.49,sales_may_2026.csv
ORD11032,2026-05-28,West,SKU-005,1,24.67,2026-05,49.76,sales_may_2026.csv
ORD11033,2026-05-13,West,SKU-017,4,72.83,2026-05,32.08,sales_may_2026.csv
ORD11034,2026-05-01,West,SKU-009,12,445.03,2026-05,104.16,sales_may_2026.csv
ORD11035,2026-05-22,West,SKU-022,7,530.73,2026-05,34.93,sales_may_2026.csv
ORD11036,2026-05-03,North,SKU-006,7,970.46,2026-05,59.01,sales_may_2026.csv
ORD11037,2026-05-30,West,SKU-032,10,443.75,2026-05,825.3,sales_may_2026.csv
ORD11038,2026-05-24,South,SKU-038,5,756.2,2026-05,121.15,sales_may_2026.csv
ORD11039,2026-05-02,West,SKU-010,2,358.75,2026-05,91.1,sales_may_2026.csv
ORD11040,2026-05-09,South,SKU-040,11,898.33,2026-05,968.44,sales_may_2026.csv
ORD11041,2026-05-25,East,SKU-022,6,240.87,2026-05,29.94,sales_may_2026.csv
ORD11042,2026-05-29,West,SKU-032,5,689.93,2026-05,412.65,sales_may_2026.csv
ORD11043,2026-05-14,East,SKU-028,3,334.35,2026-05,220.29,sales_may_2026.csv
ORD11044,2026-05-30,East,SKU-024,11,1333.66,2026-05,181.72,sales_may_2026.csv
ORD11045,2026-05-28,East,SKU-006,8,82.59,2026-05,67.44,sales_may_2026.csv
ORD11046,2026-05-18,North,SKU-001,12,1227.63,2026-05,397.8,sales_may_2026.csv
ORD11047,2026-05-23,South,SKU-006,7,1057.67,2026-05,59.01,sales_may_2026.csv
ORD11048,2026-05-20,East,SKU-009,11,1934.07,2026-05,95.48,sales_may_2026.csv
ORD11049,2026-05-22,North,SKU-007,8,1219.94,2026-05,601.28,sales_may_2026.csv
ORD11050,2026-05-08,East,SKU-016,9,1337.71,2026-05,491.94,sales_may_2026.csv
ORD11051,2026-05-05,West,SKU-025,12,1744.45,2026-05,323.04,sales_may_2026.csv
ORD11052,2026-05-01,West,SKU-005,8,335.51,2026-05,398.08,sales_may_2026.csv
ORD11053,2026-05-08,West,SKU-004,8,1236.62,2026-05,45.2,sales_may_2026.csv
ORD11054,2026-05-26,North,SKU-020,6,401.7,2026-05,411.42,sales_may_2026.csv
ORD11055,2026-05-17,South,SKU-024,4,384.26,2026-05,66.08,sales_may_2026.csv
ORD11056,2026-05-06,East,SKU-037,10,1573.56,2026-05,511.5,sales_may_2026.csv
ORD11057,2026-05-08,West,SKU-030,1,77.36,2026-05,6.4,sales_may_2026.csv
ORD11058,2026-05-07,South,SKU-033,3,321.91,2026-05,248.97,sales_may_2026.csv
ORD11059,2026-05-14,South,SKU-034,7,1211.51,2026-05,266.49,sales_may_2026.csv
ORD11060,2026-05-24,South,SKU-013,11,1545.55,2026-05,710.38,sales_may_2026.csv
ORD11061,2026-05-07,North,SKU-038,4,136.58,2026-05,96.92,sales_may_2026.csv
ORD11062,2026-05-20,East,SKU-018,6,1016.44,2026-05,245.76,sales_may_2026.csv
ORD11063,2026-05-03,East,SKU-003,1,158.03,2026-05,81.23,sales_may_2026.csv
ORD11064,2026-05-25,South,SKU-014,12,1520.6,2026-05,811.08,sales_may_2026.csv
ORD11065,2026-05-15,West,SKU-008,9,170.41,2026-05,178.47,sales_may_2026.csv
ORD11066,2026-05-20,North,SKU-035,6,624.44,2026-05,58.2,sales_may_2026.csv
ORD11067,2026-05-02,South,SKU-002,9,1125.18,2026-05,72.9,sales_may_2026.csv
ORD11068,2026-05-29,East,SKU-003,7,471.01,2026-05,568.61,sales_may_2026.csv
ORD11069,2026-05-31,East,SKU-009,7,1171.53,2026-05,60.76,sales_may_2026.csv
ORD11070,2026-05-25,North,SKU-020,10,426.25,2026-05,685.7,sales_may_2026.csv
ORD11071,2026-05-18,West,SKU-035,12,331.24,2026-05,116.4,sales_may_2026.csv
ORD11072,2026-05-05,West,SKU-016,1,73.15,2026-05,54.66,sales_may_2026.csv
ORD11073,2026-05-04,West,SKU-028,2,106.01,2026-05,146.86,sales_may_2026.csv
ORD11074,2026-05-03,South,SKU-006,6,383.08,2026-05,50.58,sales_may_2026.csv
ORD11075,2026-05-22,West,SKU-012,6,540.16,2026-05,60.0,sales_may_2026.csv
ORD11076,2026-05-21,North,SKU-024,9,1131.54,2026-05,148.68,sales_may_2026.csv
ORD11077,2026-05-06,South,SKU-002,5,334.6,2026-05,40.5,sales_may_2026.csv
ORD11078,2026-05-18,West,SKU-001,1,134.94,2026-05,33.15,sales_may_2026.csv
ORD11079,2026-05-25,North,SKU-006,6,625.48,2026-05,50.58,sales_may_2026.csv
ORD11080,2026-05-27,West,SKU-018,5,402.83,2026-05,204.8,sales_may_2026.csv
ORD11081,2026-05-22,West,SKU-030,12,349.09,2026-05,76.8,sales_may_2026.csv
ORD11082,2026-05-10,East,SKU-006,2,277.72,2026-05,16.86,sales_may_2026.csv
ORD11083,2026-05-10,East,SKU-018,12,1280.8,2026-05,491.52,sales_may_2026.csv
ORD11084,2026-05-03,West,SKU-017,11,1173.53,2026-05,88.22,sales_may_2026.csv
ORD11085,2026-05-25,North,SKU-035,8,261.11,2026-05,77.6,sales_may_2026.csv
ORD11086,2026-05-13,East,SKU-037,10,1106.06,2026-05,511.5,sales_may_2026.csv
ORD11087,2026-05-24,East,SKU-033,5,702.38,2026-05,414.95,sales_may_2026.csv
ORD11088,2026-05-16,East,SKU-003,7,940.63,2026-05,568.61,sales_may_2026.csv
ORD11089,2026-05-26,North,SKU-011,12,1902.74,2026-05,820.2,sales_may_2026.csv
ORD11090,2026-05-31,East,SKU-011,1,20.01,2026-05,68.35,sales_may_2026.csv
ORD11091,2026-05-08,West,SKU-024,3,237.36,2026-05,49.56,sales_may_2026.csv
ORD11092,2026-05-26,East,SKU-003,5,582.29,2026-05,406.15,sales_may_2026.csv
ORD11093,2026-05-08,West,SKU-001,1,26.6,2026-05,33.15,sales_may_2026.csv
ORD11094,2026-05-17,South,SKU-007,11,1817.74,2026-05,826.76,sales_may_2026.csv
ORD11095,2026-05-01,North,SKU-010,8,589.2,2026-05,364.4,sales_may_2026.csv
ORD11096,2026-05-15,North,SKU-026,9,884.09,2026-05,176.58,sales_may_2026.csv
ORD11097,2026-05-23,South,SKU-022,3,158.82,2026-05,14.97,sales_may_2026.csv
ORD11098,2026-05-02,North,SKU-002,9,523.62,2026-05,72.9,sales_may_2026.csv
ORD11099,2026-05-19,North,SKU-018,10,1317.78,2026-05,409.6,sales_may_2026.csv
ORD11100,2026-05-03,North,SKU-008,4,288.86,2026-05,79.32,sales_may_2026.csv
ORD11101,2026-05-25,West,SKU-040,11,1102.71,2026-05,968.44,sales_may_2026.csv
ORD11102,2026-05-06,West,SKU-018,6,509.91,2026-05,245.76,sales_may_2026.csv
ORD11103,2026-05-25,North,SKU-035,4,217.38,2026-05,38.8,sales_may_2026.csv
ORD11104,2026-05-21,West,SKU-004,6,379.2,2026-05,33.9,sales_may_2026.csv
ORD11105,2026-05-18,South,SKU-029,3,292.09,2026-05,236.07,sales_may_2026.csv
ORD11106,2026-05-21,South,SKU-032,11,1406.67,2026-05,907.83,sales_may_2026.csv
ORD11107,2026-05-08,West,SKU-014,3,72.28,2026-05,202.77,sales_may_2026.csv
ORD11108,2026-05-12,South,SKU-025,5,426.02,2026-05,134.6,sales_may_2026.csv
ORD11109,2026-05-05,West,SKU-013,4,332.34,2026-05,258.32,sales_may_2026.csv
ORD11110,2026-05-11,East,SKU-037,3,432.66,2026-05,153.45,sales_may_2026.csv
ORD11111,2026-05-28,North,SKU-022,5,870.05,2026-05,24.95,sales_may_2026.csv
ORD11112,2026-05-26,South,SKU-039,4,290.31,2026-05,165.92,sales_may_2026.csv
ORD11113,2026-05-02,West,SKU-037,10,1679.85,2026-05,511.5,sales_may_2026.csv
ORD11114,2026-05-07,East,SKU-039,11,1078.34,2026-05,456.28,sales_may_2026.csv
ORD11115,2026-05-26,West,SKU-009,5,93.18,2026-05,43.4,sales_may_2026.csv
ORD11116,2026-05-14,East,SKU-008,2,64.18,2026-05,39.66,sales_may_2026.csv
ORD11117,2026-05-19,South,SKU-024,2,282.22,2026-05,33.04,sales_may_2026.csv
ORD11118,2026-05-19,North,SKU-016,2,179.36,2026-05,109.32,sales_may_2026.csv
ORD11119,2026-05-10,South,SKU-039,8,1156.68,2026-05,331.84,sales_may_2026.csv
ORD11120,2026-05-11,West,SKU-035,8,747.92,2026-05,77.6,sales_may_2026.csv
ORD11121,2026-05-10,South,SKU-040,8,96.09,2026-05,704.32,sales_may_2026.csv
ORD11122,2026-05-14,East,SKU-023,11,414.79,2026-05,44.77,sales_may_2026.csv
ORD11123,2026-05-24,North,SKU-027,8,357.32,2026-05,634.96,sales_may_2026.csv
ORD11124,2026-05-04,East,SKU-039,6,196.57,2026-05,248.88,sales_may_2026.csv
ORD11125,2026-05-17,South,SKU-036,8,1043.67,2026-05,663.84,sales_may_2026.csv
ORD11126,2026-05-30,South,SKU-030,11,853.54,2026-05,70.4,sales_may_2026.csv
ORD11127,2026-05-18,West,SKU-028,4,136.47,2026-05,293.72,sales_may_2026.csv
ORD11128,2026-05-27,South,SKU-005,7,202.21,2026-05,348.32,sales_may_2026.csv
ORD11129,2026-05-23,East,SKU-033,5,837.02,2026-05,414.95,sales_may_2026.csv
ORD11130,2026-05-29,North,SKU-028,11,1811.47,2026-05,807.73,sales_may_2026.csv
ORD11131,2026-05-16,West,SKU-026,1,159.01,2026-05,19.62,sales_may_2026.csv
ORD11132,2026-05-05,West,SKU-014,6,255.53,2026-05,405.54,sales_may_2026.csv
ORD11133,2026-05-27,East,SKU-031,2,340.69,2026-05,106.16,sales_may_2026.csv
ORD11134,2026-05-12,South,SKU-028,1,97.79,2026-05,73.43,sales_may_2026.csv
ORD11135,2026-05-01,South,SKU-014,3,323.32,2026-05,202.77,sales_may_2026.csv
ORD11136,2026-05-12,North,SKU-022,9,817.41,2026-05,44.91,sales_may_2026.csv
ORD11137,2026-05-12,South,SKU-039,3,65.24,2026-05,124.44,sales_may_2026.csv
ORD11138,2026-05-15,North,SKU-022,3,486.43,2026-05,14.97,sales_may_2026.csv
ORD11139,2026-05-15,South,SKU-015,12,130.01,2026-05,398.04,sales_may_2026.csv
ORD11140,2026-05-29,East,SKU-029,9,314.28,2026-05,708.21,sales_may_2026.csv
ORD11141,2026-05-07,South,SKU-006,8,1266.67,2026-05,67.44,sales_may_2026.csv
ORD11142,2026-05-17,North,SKU-009,12,248.34,2026-05,104.16,sales_may_2026.csv
ORD11143,2026-05-09,North,SKU-008,9,1122.59,2026-05,178.47,sales_may_2026.csv
ORD11144,2026-05-07,South,SKU-040,10,1337.98,2026-05,880.4,sales_may_2026.csv
ORD11145,2026-05-01,North,SKU-032,6,672.71,2026-05,495.18,sales_may_2026.csv
ORD11146,2026-05-08,West,SKU-023,5,435.14,2026-05,20.35,sales_may_2026.csv
ORD11147,2026-05-10,North,SKU-016,9,920.89,2026-05,491.94,sales_may_2026.csv
ORD11148,2026-05-03,North,SKU-023,9,583.95,2026-05,36.63,sales_may_2026.csv
ORD11149,2026-05-04,North,SKU-003,9,871.8,2026-05,731.07,sales_may_2026.csv
ORD11150,2026-05-06,West,SKU-028,12,320.94,2026-05,881.16,sales_may_2026.csv
ORD11151,2026-05-29,North,SKU-037,3,65.47,2026-05,153.45,sales_may_2026.csv
ORD11152,2026-05-04,North,SKU-028,12,1567.47,2026-05,881.16,sales_may_2026.csv
ORD11153,2026-05-05,West,SKU-026,4,198.05,2026-05,78.48,sales_may_2026.csv
ORD11154,2026-05-02,East,SKU-034,9,176.7,2026-05,342.63,sales_may_2026.csv
ORD11155,2026-05-06,East,SKU-033,8,1346.96,2026-05,663.92,sales_may_2026.csv
ORD11156,2026-05-04,West,SKU-016,11,1706.72,2026-05,601.26,sales_may_2026.csv
ORD11157,2026-05-22,West,SKU-007,6,925.99,2026-05,450.96,sales_may_2026.csv
ORD11158,2026-05-26,North,SKU-005,5,217.4,2026-05,248.8,sales_may_2026.csv
ORD11159,2026-05-26,East,SKU-025,11,1772.66,2026-05,296.12,sales_may_2026.csv
ORD11160,2026-05-08,East,SKU-040,9,260.31,2026-05,792.36,sales_may_2026.csv
ORD11161,2026-05-03,East,SKU-007,5,419.89,2026-05,375.8,sales_may_2026.csv
ORD11162,2026-05-12,East,SKU-034,1,108.1,2026-05,38.07,sales_may_2026.csv
ORD11163,2026-05-23,East,SKU-037,8,1345.96,2026-05,409.2,sales_may_2026.csv
ORD11164,2026-05-29,West,SKU-015,4,583.1,2026-05,132.68,sales_may_2026.csv
ORD11165,2026-05-22,South,SKU-020,11,1228.14,2026-05,754.27,sales_may_2026.csv
ORD11166,2026-05-03,East,SKU-021,10,864.06,2026-05,198.3,sales_may_2026.csv
ORD11167,2026-05-07,South,SKU-021,9,862.94,2026-05,178.47,sales_may_2026.csv
